,Fp1,Fz,F3,FT9,FC5,FC1,C3,T7,TP9,CP5,CP1,Pz,P3,P7,O1,Oz,O2,P4,P8,TP10,CP6,CP2,Cz,C4,T8,FT10,FC6,FC2,F4,F8,Fp2,AF7,AF3,AFz,F1,F5,FT7,FC3,C1,C5,TP7,CP3,P1,P5,PO7,PO3,POz,PO4,PO8,P6,P2,CPz,CP4,TP8,C6,C2,FC4,FT8,F6,AF8,AF4,F2,FCz
Fp1,0.029556650246305417,0.0049261083743842365,0.024630541871921183,0.034482758620689655,0.034482758620689655,0.0,0.009852216748768473,0.0,0.034482758620689655,0.0,0.0,0.0,0.034482758620689655,0.034482758620689655,0.0,0.0,0.0,0.034482758620689655,0.0,0.0,0.034482758620689655,0.034482758620689655,0.034482758620689655,0.034482758620689655,0.034482758620689655,0.024630541871921183,0.0,0.0,0.034482758620689655,0.034482758620689655,0.0,0.0,0.0049261083743842365,0.0,0.034482758620689655,0.0,0.034482758620689655,0.0,0.034482758620689655,0.034482758620689655,0.034482758620689655,0.034482758620689655,0.034482758620689655,0.034482758620689655,0.0,0.034482758620689655,0.034482758620689655,0.0,0.034482758620689655,0.0,0.0,0.034482758620689655,0.0,0.0049261083743842365,0.0,0.0,0.0,0.0,0.0,0.0,0.0,0.0,0.034482758620689655
Fz,0.02127659574468085,0.07446808510638298,0.0,0.02127659574468085,0.02127659574468085,0.0,0.02127659574468085,0.0,0.02127659574468085,0.0,0.0,0.0,0.02127659574468085,0.02127659574468085,0.0,0.0,0.0,0.02127659574468085,0.0,0.0,0.02127659574468085,0.02127659574468085,0.02127659574468085,0.02127659574468085,0.02127659574468085,0.0851063829787234,0.0,0.0,0.02127659574468085,0.02127659574468085,0.0,0.0,0.0851063829787234,0.0,0.02127659574468085,0.07446808510638298,0.02127659574468085,0.0,0.02127659574468085,0.09574468085106383,0.02127659574468085,0.02127659574468085,0.02127659574468085,0.02127659574468085,0.0,0.02127659574468085,0.02127659574468085,0.0,0.02127659574468085,0.0,0.0,0.02127659574468085,0.0,0.010638297872340425,0.0,0.0,0.0,0.0,0.0,0.0,0.0,0.0,0.02127659574468085
F3,0.005555555555555556,0.0,0.05740740740740741,0.03333333333333333,0.05555555555555555,0.0,0.0,0.020370370370370372,0.014814814814814815,0.014814814814814815,0.003703703703703704,0.0,0.03888888888888889,0.027777777777777776,0.0,0.0,0.009259259259259259,0.018518518518518517,0.0,0.024074074074074074,0.03888888888888889,0.016666666666666666,0.014814814814814815,0.027777777777777776,0.024074074074074074,0.003703703703703704,0.0,0.014814814814814815,0.03148148148148148,0.018518518518518517,0.0,0.05,0.0,0.03333333333333333,0.025925925925925925,0.012962962962962963,0.037037037037037035,0.0,0.024074074074074074,0.018518518518518517,0.014814814814814815,0.011111111111111112,0.03888888888888889,0.016666666666666666,0.009259259259259259,0.009259259259259259,0.022222222222222223,0.0,0.016666666666666666,0.012962962962962963,0.024074074074074074,0.022222222222222223,0.014814814814814815,0.0,0.0,0.012962962962962963,0.005555555555555556,0.011111111111111112,0.0,0.0,0.016666666666666666,0.011111111111111112,0.012962962962962963
FT9,0.00933125972006221,0.0015552099533437014,0.03110419906687403,0.04043545878693624,0.04354587869362364,0.0,0.003110419906687403,0.003110419906687403,0.02332814930015552,0.00933125972006221,0.0,0.0,0.04354587869362364,0.027993779160186624,0.0,0.0,0.004665629860031105,0.026438569206842923,0.0,0.017107309486780714,0.04354587869362364,0.026438569206842923,0.017107309486780714,0.03732503888024884,0.03421461897356143,0.007776049766718507,0.0,0.012441679626749611,0.04043545878693624,0.029548989113530325,0.0,0.02177293934681182,0.0015552099533437014,0.00933125972006221,0.03576982892690513,0.007776049766718507,0.04354587869362364,0.0,0.03421461897356143,0.029548989113530325,0.026438569206842923,0.013996889580093312,0.04354587869362364,0.027993779160186624,0.004665629860031105,0.012441679626749611,0.03265940902021773,0.0,0.01866251944012442,0.007776049766718507,0.003110419906687403,0.03265940902021773,0.00933125972006221,0.0015552099533437014,0.0,0.007776049766718507,0.0015552099533437014,0.006220839813374806,0.0,0.0,0.01088646967340591,0.006220839813374806,0.015552099533437015
FC5,0.006109979633401222,0.0010183299389002036,0.03360488798370672,0.0274949083503055,0.05804480651731161,0.0,0.002036659877800407,0.010183299389002037,0.024439918533604887,0.007128309572301426,0.0010183299389002036,0.0,0.04480651731160896,0.018329938900203666,0.0,0.0,0.004073319755600814,0.026476578411405296,0.0,0.012219959266802444,0.04378818737270876,0.026476578411405296,0.01120162932790224,0.04276985743380855,0.03767820773930754,0.0050916496945010185,0.0,0.008146639511201629,0.04480651731160896,0.031568228105906315,0.0,0.0274949083503055,0.0010183299389002036,0.017311608961303463,0.035641547861507125,0.006109979633401222,0.04786150712830957,0.0,0.03971486761710794,0.032586558044806514,0.026476578411405296,0.018329938900203666,0.03665987780040733,0.028513238289205704,0.004073319755600814,0.008146639511201629,0.031568228105906315,0.0,0.012219959266802444,0.006109979633401222,0.012219959266802444,0.034623217922606926,0.007128309572301426,0.0010183299389002036,0.0,0.006109979633401222,0.002036659877800407,0.0050916496945010185,0.0,0.0,0.008146639511201629,0.0050916496945010185,0.010183299389002037
FC1,0.0,0.0,0.0,0.0,0.0,0.042352941176470586,0.0,0.04470588235294118,0.0,0.042352941176470586,0.04470588235294118,0.04470588235294118,0.0,0.0,0.03764705882352941,0.0,0.04470588235294118,0.0,0.04470588235294118,0.03058823529411765,0.0,0.0,0.0,0.0,0.0,0.0,0.0,0.0,0.0,0.0,0.0,0.004705882352941176,0.03294117647058824,0.03764705882352941,0.0,0.03764705882352941,0.0,0.04470588235294118,0.0,0.0,0.0,0.0,0.0,0.0,0.03529411764705882,0.0,0.0,0.03058823529411765,0.0,0.04470588235294118,0.03529411764705882,0.0,0.04470588235294118,0.0,0.04470588235294118,0.04470588235294118,0.04470588235294118,0.04470588235294118,0.0,0.02823529411764706,0.023529411764705882,0.04470588235294118,0.0
C3,0.03333333333333333,0.011111111111111112,0.011111111111111112,0.03333333333333333,0.03333333333333333,0.0,0.022222222222222223,0.0,0.03333333333333333,0.0,0.0,0.0,0.03333333333333333,0.03333333333333333,0.0,0.0,0.0,0.03333333333333333,0.0,0.0,0.03333333333333333,0.03333333333333333,0.03333333333333333,0.03333333333333333,0.03333333333333333,0.03333333333333333,0.0,0.0,0.03333333333333333,0.03333333333333333,0.0,0.0,0.011111111111111112,0.0,0.03333333333333333,0.0,0.03333333333333333,0.0,0.03333333333333333,0.03333333333333333,0.03333333333333333,0.03333333333333333,0.03333333333333333,0.03333333333333333,0.0,0.03333333333333333,0.03333333333333333,0.0,0.03333333333333333,0.0,0.0,0.03333333333333333,0.0,0.011111111111111112,0.0,0.0,0.0,0.0,0.0,0.0,0.0,0.0,0.03333333333333333
T7,0.0,0.0,0.009174311926605505,0.0,0.00815494393476045,0.019367991845056064,0.0,0.08664627930682976,0.0,0.03058103975535168,0.047910295616717634,0.029561671763506627,0.007135575942915392,0.0,0.020387359836901122,0.0,0.03160040774719674,0.0,0.03771661569826707,0.03669724770642202,0.0030581039755351682,0.0,0.0,0.0,0.0,0.0,0.0,0.0,0.0,0.0010193679918450561,0.0,0.021406727828746176,0.020387359836901122,0.03567787971457696,0.0,0.02854230377166157,0.0020387359836901123,0.027522935779816515,0.0,0.0,0.0,0.0020387359836901123,0.0050968399592252805,0.0,0.027522935779816515,0.0,0.0,0.013251783893985729,0.0,0.03771661569826707,0.034658511722731905,0.0,0.04383282364933741,0.0,0.05708460754332314,0.0581039755351682,0.06320081549439348,0.05402650356778797,0.0,0.01834862385321101,0.022426095820591234,0.0581039755351682,0.0
TP9,0.008130081300813009,0.0013550135501355014,0.013550135501355014,0.024390243902439025,0.036585365853658534,0.0,0.0027100271002710027,0.0,0.04607046070460705,0.0,0.0,0.0,0.03116531165311653,0.016260162601626018,0.0,0.0,0.0,0.04200542005420054,0.0,0.0013550135501355014,0.03116531165311653,0.04878048780487805,0.014905149051490514,0.04742547425474255,0.04607046070460705,0.006775067750677507,0.0,0.0040650406504065045,0.044715447154471545,0.04878048780487805,0.0,0.005420054200542005,0.009485094850948509,0.0,0.04065040650406504,0.0,0.03929539295392954,0.0,0.04878048780487805,0.04878048780487805,0.04742547425474255,0.037940379403794036,0.023035230352303523,0.04878048780487805,0.0,0.01084010840108401,0.04336043360433604,0.0,0.016260162601626018,0.0,0.0,0.04742547425474255,0.0,0.0013550135501355014,0.0,0.0,0.0,0.0,0.0,0.0013550135501355014,0.0,0.0,0.013550135501355014
CP5,0.0,0.0,0.007894736842105263,0.005263157894736842,0.006578947368421052,0.025,0.0,0.042105263157894736,0.0,0.04473684210526316,0.039473684210526314,0.035526315789473684,0.014473684210526316,0.0013157894736842105,0.021052631578947368,0.0,0.04342105263157895,0.0,0.034210526315789476,0.038157894736842106,0.009210526315789473,0.0,0.0,0.0013157894736842105,0.0,0.0,0.0,0.0,0.003947368421052632,0.0,0.0,0.02368421052631579,0.018421052631578946,0.042105263157894736,0.0,0.042105263157894736,0.007894736842105263,0.034210526315789476,0.0,0.0,0.0,0.0,0.011842105263157895,0.0,0.038157894736842106,0.0,0.0,0.017105263157894738,0.0,0.046052631578947366,0.03684210526315789,0.0,0.046052631578947366,0.0,0.035526315789473684,0.046052631578947366,0.04078947368421053,0.04473684210526316,0.0,0.015789473684210527,0.034210526315789476,0.04473684210526316,0.0
CP1,0.0,0.0,0.0,0.0,0.0,0.023779724655819776,0.0,0.058823529411764705,0.0,0.03504380475594493,0.056320400500625784,0.03629536921151439,0.006257822277847309,0.0,0.025031289111389236,0.0,0.03629536921151439,0.0,0.04630788485607009,0.03379224030037547,0.0012515644555694619,0.0,0.0,0.0,0.0,0.0,0.0,0.0,0.0,0.0,0.0,0.015018773466833541,0.02252816020025031,0.03254067584480601,0.0,0.03254067584480601,0.0,0.03379224030037547,0.0,0.0,0.0,0.0,0.0037546933667083854,0.0,0.03128911138923655,0.0,0.0,0.016270337922403004,0.0,0.04380475594493116,0.03128911138923655,0.0,0.04755944931163955,0.0,0.056320400500625784,0.056320400500625784,0.058823529411764705,0.056320400500625784,0.0,0.02002503128911139,0.025031289111389236,0.057571964956195244,0.0
Pz,0.0,0.0,0.0,0.0,0.0,0.031198686371100164,0.0,0.047619047619047616,0.0,0.041050903119868636,0.047619047619047616,0.04597701149425287,0.003284072249589491,0.0,0.031198686371100164,0.0,0.042692939244663386,0.0,0.047619047619047616,0.03284072249589491,0.0,0.0,0.0,0.0,0.0,0.0,0.0,0.0,0.0,0.0,0.0,0.014778325123152709,0.027914614121510674,0.03776683087027915,0.0,0.03776683087027915,0.0,0.04433497536945813,0.0,0.0,0.0,0.0,0.0,0.0,0.0361247947454844,0.0,0.0,0.021346469622331693,0.0,0.042692939244663386,0.0361247947454844,0.0,0.042692939244663386,0.0,0.047619047619047616,0.04597701149425287,0.047619047619047616,0.04597701149425287,0.0,0.024630541871921183,0.027914614121510674,0.047619047619047616,0.0
P3,0.006097560975609756,0.0010162601626016261,0.021341463414634148,0.027439024390243903,0.041666666666666664,0.0,0.0020325203252032522,0.009146341463414634,0.02032520325203252,0.013211382113821139,0.007113821138211382,0.0040650406504065045,0.054878048780487805,0.018292682926829267,0.0,0.0,0.01016260162601626,0.022357723577235773,0.003048780487804878,0.018292682926829267,0.04369918699186992,0.022357723577235773,0.011178861788617886,0.039634146341463415,0.03353658536585366,0.00508130081300813,0.0,0.008130081300813009,0.041666666666666664,0.027439024390243903,0.0,0.021341463414634148,0.0010162601626016261,0.013211382113821139,0.031504065040650404,0.012195121951219513,0.044715447154471545,0.003048780487804878,0.03556910569105691,0.028455284552845527,0.022357723577235773,0.014227642276422764,0.039634146341463415,0.024390243902439025,0.01016260162601626,0.008130081300813009,0.027439024390243903,0.0,0.012195121951219513,0.012195121951219513,0.009146341463414634,0.03048780487804878,0.013211382113821139,0.0010162601626016261,0.0040650406504065045,0.012195121951219513,0.008130081300813009,0.011178861788617886,0.0,0.0,0.014227642276422764,0.011178861788617886,0.01016260162601626
P7,0.01293103448275862,0.0021551724137931034,0.036637931034482756,0.040948275862068964,0.040948275862068964,0.0,0.004310344827586207,0.0,0.023706896551724137,0.00646551724137931,0.0,0.0,0.040948275862068964,0.03879310344827586,0.0,0.0,0.0,0.028017241379310345,0.0,0.017241379310344827,0.040948275862068964,0.02586206896551724,0.023706896551724137,0.03879310344827586,0.034482758620689655,0.010775862068965518,0.0,0.017241379310344827,0.040948275862068964,0.028017241379310345,0.0,0.023706896551724137,0.0021551724137931034,0.00646551724137931,0.036637931034482756,0.004310344827586207,0.040948275862068964,0.0,0.034482758620689655,0.028017241379310345,0.023706896551724137,0.01939655172413793,0.040948275862068964,0.02586206896551724,0.0,0.017241379310344827,0.032327586206896554,0.0,0.02586206896551724,0.004310344827586207,0.0,0.032327586206896554,0.00646551724137931,0.0021551724137931034,0.0,0.004310344827586207,0.0,0.0021551724137931034,0.0,0.0,0.008620689655172414,0.0021551724137931034,0.021551724137931036
O1,0.0,0.0,0.0,0.0,0.0,0.03636363636363636,0.0,0.05194805194805195,0.0,0.03636363636363636,0.046753246753246755,0.04415584415584416,0.0,0.0,0.04935064935064935,0.0,0.03896103896103896,0.0,0.04935064935064935,0.023376623376623377,0.0,0.0,0.0,0.0,0.0,0.0,0.0,0.0,0.0,0.0,0.0,0.0,0.04935064935064935,0.03116883116883117,0.0,0.03116883116883117,0.0,0.04155844155844156,0.0,0.0,0.0,0.0025974025974025974,0.0,0.0,0.02857142857142857,0.0,0.0,0.033766233766233764,0.0,0.03896103896103896,0.02857142857142857,0.0,0.03896103896103896,0.0,0.05194805194805195,0.04415584415584416,0.05194805194805195,0.04415584415584416,0.0,0.04415584415584416,0.015584415584415584,0.046753246753246755,0.0
Oz,0.0,0.0,0.0,0.0,0.0,0.0,0.0,0.0,0.0,0.0,0.0,0.0,0.0,0.0,0.0,0.0,0.0,0.0,0.0,0.0,0.0,0.0,0.0,0.0,0.0,0.0,0.0,0.0,0.0,0.0,0.0,0.0,0.0,0.0,0.0,0.0,0.0,0.0,0.0,0.0,0.0,0.0,0.0,0.0,0.0,0.0,0.0,0.0,0.0,0.0,0.0,0.0,0.0,0.0,0.0,0.0,0.0,0.0,0.0,0.0,0.0,0.0,0.0
O2,0.0,0.0,0.004201680672268907,0.0014005602240896359,0.0028011204481792717,0.02661064425770308,0.0,0.046218487394957986,0.0,0.04341736694677871,0.04341736694677871,0.0392156862745098,0.011204481792717087,0.0,0.023809523809523808,0.0,0.04481792717086835,0.0,0.037815126050420166,0.036414565826330535,0.0056022408963585435,0.0,0.0,0.0,0.0,0.0,0.0,0.0,0.0,0.0,0.0,0.02100840336134454,0.02100840336134454,0.04061624649859944,0.0,0.04061624649859944,0.004201680672268907,0.037815126050420166,0.0,0.0,0.0,0.0,0.008403361344537815,0.0,0.0392156862745098,0.0,0.0,0.018207282913165267,0.0,0.04481792717086835,0.0392156862745098,0.0,0.04481792717086835,0.0,0.0392156862745098,0.046218487394957986,0.04481792717086835,0.046218487394957986,0.0,0.018207282913165267,0.03221288515406162,0.046218487394957986,0.0
P4,0.008379888268156424,0.0013966480446927375,0.01675977653631285,0.027932960893854747,0.040502793296089384,0.0,0.002793296089385475,0.0,0.040502793296089384,0.0,0.0,0.0,0.034916201117318434,0.019553072625698324,0.0,0.0,0.0,0.04329608938547486,0.0,0.004189944134078212,0.034916201117318434,0.04329608938547486,0.015363128491620111,0.046089385474860335,0.046089385474860335,0.006983240223463687,0.0,0.006983240223463687,0.046089385474860335,0.0446927374301676,0.0,0.008379888268156424,0.002793296089385475,0.0,0.0446927374301676,0.0,0.04329608938547486,0.0,0.046089385474860335,0.0446927374301676,0.04189944134078212,0.03212290502793296,0.02653631284916201,0.04329608938547486,0.0,0.0111731843575419,0.046089385474860335,0.0,0.01675977653631285,0.0,0.0,0.046089385474860335,0.0,0.0013966480446927375,0.0,0.0,0.0,0.0,0.0,0.0,0.0,0.0,0.013966480446927373
P8,0.0,0.0,0.0,0.0,0.0,0.028744326777609682,0.0,0.05597579425113464,0.0,0.036308623298033284,0.0529500756429652,0.04084720121028744,0.0015128593040847202,0.0,0.030257186081694403,0.0,0.037821482602118005,0.0,0.0529500756429652,0.028744326777609682,0.0,0.0,0.0,0.0,0.0,0.0,0.0,0.0,0.0,0.0,0.0,0.012102874432677761,0.028744326777609682,0.03328290468986384,0.0,0.03328290468986384,0.0,0.039334341906202726,0.0,0.0,0.0,0.0015128593040847202,0.0,0.0,0.03177004538577912,0.0,0.0,0.019667170953101363,0.0,0.04084720121028744,0.03177004538577912,0.0,0.04387291981845688,0.0,0.05597579425113464,0.05143721633888049,0.05597579425113464,0.05143721633888049,0.0,0.025718608169440244,0.024205748865355523,0.0529500756429652,0.0
TP10,0.0,0.0,0.012941176470588235,0.010588235294117647,0.011764705882352941,0.01764705882352941,0.0,0.047058823529411764,0.0,0.036470588235294116,0.036470588235294116,0.02588235294117647,0.018823529411764704,0.007058823529411765,0.012941176470588235,0.0,0.03294117647058824,0.001176470588235294,0.02588235294117647,0.05411764705882353,0.01411764705882353,0.0,0.0,0.007058823529411765,0.004705882352941176,0.0,0.0,0.0058823529411764705,0.009411764705882352,0.001176470588235294,0.0,0.027058823529411764,0.010588235294117647,0.036470588235294116,0.0058823529411764705,0.03529411764705882,0.012941176470588235,0.024705882352941175,0.004705882352941176,0.001176470588235294,0.0,0.0,0.01647058823529412,0.0,0.03294117647058824,0.0,0.0035294117647058825,0.009411764705882352,0.0,0.04,0.03176470588235294,0.0035294117647058825,0.04588235294117647,0.0,0.03529411764705882,0.05058823529411765,0.04352941176470588,0.04588235294117647,0.0,0.00823529411764706,0.03294117647058824,0.047058823529411764,0.0
CP6,0.006749156355455568,0.0011248593925759281,0.023622047244094488,0.030371203599550055,0.04611923509561305,0.0,0.0022497187851518562,0.00562429696287964,0.02249718785151856,0.010123734533183352,0.003374578177727784,0.0,0.05061867266591676,0.020247469066366704,0.0,0.0,0.006749156355455568,0.024746906636670417,0.0,0.015748031496062992,0.048368953880764905,0.024746906636670417,0.012373453318335208,0.04274465691788527,0.03712035995500562,0.00562429696287964,0.0,0.008998875140607425,0.04499437570303712,0.030371203599550055,0.0,0.019122609673790775,0.0011248593925759281,0.010123734533183352,0.03487064116985377,0.008998875140607425,0.048368953880764905,0.0,0.03937007874015748,0.031496062992125984,0.024746906636670417,0.015748031496062992,0.04274465691788527,0.02699662542182227,0.006749156355455568,0.008998875140607425,0.030371203599550055,0.0,0.013498312710911136,0.008998875140607425,0.00562429696287964,0.03374578177727784,0.010123734533183352,0.0011248593925759281,0.0,0.008998875140607425,0.0044994375703037125,0.007874015748031496,0.0,0.0,0.01124859392575928,0.007874015748031496,0.01124859392575928
CP2,0.00784313725490196,0.00130718954248366,0.01437908496732026,0.02483660130718954,0.03790849673202614,0.0,0.00261437908496732,0.0,0.043137254901960784,0.0,0.0,0.0,0.032679738562091505,0.01699346405228758,0.0,0.0,0.0,0.04183006535947712,0.0,0.00261437908496732,0.032679738562091505,0.0457516339869281,0.01437908496732026,0.048366013071895426,0.047058823529411764,0.006535947712418301,0.0,0.00522875816993464,0.0457516339869281,0.048366013071895426,0.0,0.006535947712418301,0.00784313725490196,0.0,0.04183006535947712,0.0,0.040522875816993466,0.0,0.048366013071895426,0.048366013071895426,0.0457516339869281,0.03529411764705882,0.02483660130718954,0.047058823529411764,0.0,0.01045751633986928,0.044444444444444446,0.0,0.01568627450980392,0.0,0.0,0.048366013071895426,0.0,0.00130718954248366,0.0,0.0,0.0,0.0,0.0,0.0,0.0,0.0,0.013071895424836602
Cz,0.017964071856287425,0.0029940119760479044,0.029940119760479042,0.03592814371257485,0.03592814371257485,0.0,0.005988023952095809,0.0,0.03293413173652695,0.0,0.0,0.0,0.03592814371257485,0.03592814371257485,0.0,0.0,0.0,0.03592814371257485,0.0,0.0029940119760479044,0.03592814371257485,0.03592814371257485,0.03293413173652695,0.03592814371257485,0.03592814371257485,0.014970059880239521,0.0,0.008982035928143712,0.03592814371257485,0.03592814371257485,0.0,0.011976047904191617,0.0029940119760479044,0.0,0.03592814371257485,0.0,0.03592814371257485,0.0,0.03592814371257485,0.03592814371257485,0.03293413173652695,0.02694610778443114,0.03592814371257485,0.03592814371257485,0.0,0.023952095808383235,0.03592814371257485,0.0,0.03592814371257485,0.0,0.0,0.03592814371257485,0.0,0.0029940119760479044,0.0,0.0,0.0,0.0,0.0,0.0,0.0,0.0,0.029940119760479042
C4,0.005808325266214908,0.000968054211035818,0.016456921587608905,0.02420135527589545,0.041626331074540175,0.0,0.001936108422071636,0.0,0.030977734753146177,0.002904162633107454,0.0,0.0,0.04065827686350436,0.017424975798644726,0.0,0.0,0.0,0.030977734753146177,0.0,0.007744433688286544,0.0377541142303969,0.03291384317521781,0.010648596321393998,0.0696999031945789,0.04356243949661181,0.00484027105517909,0.0,0.007744433688286544,0.061955469506292354,0.049370764762826716,0.0,0.010648596321393998,0.00484027105517909,0.002904162633107454,0.0377541142303969,0.001936108422071636,0.04549854791868345,0.0,0.06292352371732816,0.05033881897386254,0.03291384317521781,0.02516940948693127,0.030977734753146177,0.03484995159728945,0.0,0.007744433688286544,0.03581800580832527,0.0,0.011616650532429816,0.001936108422071636,0.0,0.04065827686350436,0.002904162633107454,0.000968054211035818,0.0,0.001936108422071636,0.0,0.000968054211035818,0.0,0.0,0.003872216844143272,0.000968054211035818,0.00968054211035818
T8,0.006734006734006734,0.001122334455667789,0.016835016835016835,0.025813692480359147,0.04489337822671156,0.0,0.002244668911335578,0.0,0.03479236812570146,0.001122334455667789,0.0,0.0,0.04040404040404041,0.019079685746352413,0.0,0.0,0.0,0.03591470258136925,0.0,0.006734006734006734,0.04040404040404041,0.037037037037037035,0.012345679012345678,0.051627384960718295,0.04938271604938271,0.005611672278338945,0.0,0.008978675645342313,0.051627384960718295,0.04264870931537598,0.0,0.010101010101010102,0.004489337822671156,0.001122334455667789,0.04377104377104377,0.0,0.04713804713804714,0.0,0.050505050505050504,0.04377104377104377,0.037037037037037035,0.028058361391694726,0.03367003367003367,0.03928170594837262,0.0,0.008978675645342313,0.04152637485970819,0.0,0.013468013468013467,0.0,0.0,0.04601571268237935,0.001122334455667789,0.001122334455667789,0.0,0.0,0.0,0.0,0.0,0.0,0.002244668911335578,0.0,0.01122334455667789
FT10,0.028708133971291867,0.03349282296650718,0.019138755980861243,0.028708133971291867,0.028708133971291867,0.0,0.009569377990430622,0.0,0.028708133971291867,0.0,0.0,0.0,0.028708133971291867,0.028708133971291867,0.0,0.0,0.0,0.028708133971291867,0.0,0.0,0.028708133971291867,0.028708133971291867,0.028708133971291867,0.028708133971291867,0.028708133971291867,0.05263157894736842,0.0,0.0,0.028708133971291867,0.028708133971291867,0.0,0.0,0.03827751196172249,0.0,0.028708133971291867,0.03349282296650718,0.028708133971291867,0.0,0.028708133971291867,0.06220095693779904,0.028708133971291867,0.028708133971291867,0.028708133971291867,0.028708133971291867,0.0,0.028708133971291867,0.028708133971291867,0.0,0.028708133971291867,0.0,0.0,0.028708133971291867,0.0,0.004784688995215311,0.0,0.0,0.0,0.0,0.0,0.0,0.0,0.0,0.028708133971291867
FC6,0.0,0.0,0.0,0.0,0.0,0.0,0.0,0.0,0.0,0.0,0.0,0.0,0.0,0.0,0.0,0.0,0.0,0.0,0.0,0.0,0.0,0.0,0.0,0.0,0.0,0.0,0.0,0.0,0.0,0.0,0.0,0.0,0.0,0.0,0.0,0.0,0.0,0.0,0.0,0.0,0.0,0.0,0.0,0.0,0.0,0.0,0.0,0.0,0.0,0.0,0.0,0.0,0.0,0.0,0.0,0.0,0.0,0.0,0.0,0.0,0.0,0.0,0.0
FC2,0.0,0.0,0.049689440993788817,0.049689440993788817,0.049689440993788817,0.0,0.0,0.0,0.006211180124223602,0.012422360248447204,0.0,0.0,0.049689440993788817,0.049689440993788817,0.0,0.0,0.0,0.018633540372670808,0.0,0.043478260869565216,0.049689440993788817,0.012422360248447204,0.006211180124223602,0.049689440993788817,0.037267080745341616,0.0,0.0,0.043478260869565216,0.049689440993788817,0.018633540372670808,0.0,0.049689440993788817,0.0,0.012422360248447204,0.043478260869565216,0.006211180124223602,0.049689440993788817,0.0,0.037267080745341616,0.018633540372670808,0.006211180124223602,0.0,0.049689440993788817,0.012422360248447204,0.0,0.0,0.031055900621118012,0.0,0.012422360248447204,0.006211180124223602,0.0,0.031055900621118012,0.012422360248447204,0.0,0.0,0.006211180124223602,0.0,0.0,0.0,0.0,0.018633540372670808,0.0,0.0
F4,0.005859375,0.0009765625,0.0185546875,0.0263671875,0.0439453125,0.0,0.001953125,0.0009765625,0.029296875,0.0048828125,0.0,0.0,0.04296875,0.017578125,0.0,0.0,0.001953125,0.03125,0.0,0.009765625,0.0400390625,0.03125,0.0107421875,0.060546875,0.0419921875,0.0048828125,0.0,0.0078125,0.0615234375,0.0419921875,0.0,0.0126953125,0.0029296875,0.0048828125,0.0380859375,0.00390625,0.0478515625,0.0,0.0556640625,0.04296875,0.03125,0.0234375,0.033203125,0.033203125,0.001953125,0.0078125,0.0361328125,0.0,0.01171875,0.00390625,0.0009765625,0.0390625,0.0048828125,0.0009765625,0.0,0.00390625,0.0,0.0029296875,0.0,0.0,0.005859375,0.0029296875,0.009765625
F8,0.006514657980456026,0.0010857763300760044,0.013029315960912053,0.021715526601520086,0.03691639522258415,0.0,0.002171552660152009,0.0,0.038002171552660155,0.0,0.0,0.0,0.03257328990228013,0.01520086862106406,0.0,0.0,0.0,0.03474484256243214,0.0,0.003257328990228013,0.03257328990228013,0.03908794788273615,0.011943539630836048,0.06080347448425624,0.04451682953311618,0.0054288816503800215,0.0,0.0054288816503800215,0.05211726384364821,0.06080347448425624,0.0,0.006514657980456026,0.009771986970684038,0.0,0.03908794788273615,0.0,0.03908794788273615,0.0,0.06188925081433225,0.06188925081433225,0.04125950054288816,0.03257328990228013,0.026058631921824105,0.04234527687296417,0.0,0.008686210640608035,0.03908794788273615,0.0,0.013029315960912053,0.0,0.0,0.04560260586319218,0.0,0.0010857763300760044,0.0,0.0,0.0,0.0,0.0,0.003257328990228013,0.0,0.0,0.010857763300760043
Fp2,0.0,0.0,0.0,0.0,0.0,0.0,0.0,0.0,0.0,0.0,0.0,0.0,0.0,0.0,0.0,0.0,0.0,0.0,0.0,0.0,0.0,0.0,0.0,0.0,0.0,0.0,0.0,0.0,0.0,0.0,0.0,0.0,0.0,0.0,0.0,0.0,0.0,0.0,0.0,0.0,0.0,0.0,0.0,0.0,0.0,0.0,0.0,0.0,0.0,0.0,0.0,0.0,0.0,0.0,0.0,0.0,0.0,0.0,0.0,0.0,0.0,0.0,0.0
AF7,0.0,0.0,0.03980891719745223,0.01910828025477707,0.03821656050955414,0.006369426751592357,0.0,0.03662420382165605,0.0031847133757961785,0.03184713375796178,0.022292993630573247,0.01751592356687898,0.030254777070063694,0.014331210191082803,0.0,0.0,0.027070063694267517,0.006369426751592357,0.01592356687898089,0.03980891719745223,0.02388535031847134,0.004777070063694267,0.0031847133757961785,0.014331210191082803,0.011146496815286623,0.0,0.0,0.012738853503184714,0.01751592356687898,0.006369426751592357,0.0,0.0589171974522293,0.0,0.04777070063694268,0.012738853503184714,0.030254777070063694,0.022292993630573247,0.01592356687898089,0.011146496815286623,0.006369426751592357,0.0031847133757961785,0.0,0.027070063694267517,0.004777070063694267,0.027070063694267517,0.0,0.009554140127388535,0.0,0.004777070063694267,0.030254777070063694,0.03980891719745223,0.009554140127388535,0.03184713375796178,0.0,0.01751592356687898,0.030254777070063694,0.02388535031847134,0.028662420382165606,0.0,0.0,0.03343949044585987,0.028662420382165606,0.0015923566878980893
AF3,0.0034965034965034965,0.013986013986013986,0.0,0.0034965034965034965,0.0034965034965034965,0.02097902097902098,0.0034965034965034965,0.03146853146853147,0.017482517482517484,0.02097902097902098,0.027972027972027972,0.026223776223776224,0.0034965034965034965,0.0034965034965034965,0.02972027972027972,0.0,0.022727272727272728,0.008741258741258742,0.02972027972027972,0.012237762237762238,0.0034965034965034965,0.015734265734265736,0.0034965034965034965,0.013986013986013986,0.012237762237762238,0.015734265734265736,0.0,0.0,0.01048951048951049,0.02097902097902098,0.0,0.0,0.08041958041958042,0.017482517482517484,0.005244755244755245,0.04020979020979021,0.0034965034965034965,0.024475524475524476,0.015734265734265736,0.0472027972027972,0.019230769230769232,0.022727272727272728,0.0034965034965034965,0.017482517482517484,0.015734265734265736,0.0034965034965034965,0.008741258741258742,0.022727272727272728,0.0034965034965034965,0.022727272727272728,0.015734265734265736,0.013986013986013986,0.022727272727272728,0.0017482517482517483,0.033216783216783216,0.026223776223776224,0.03146853146853147,0.026223776223776224,0.0,0.03671328671328671,0.006993006993006993,0.027972027972027972,0.0034965034965034965
AFz,0.0,0.0,0.02056555269922879,0.005141388174807198,0.019280205655526992,0.02313624678663239,0.0,0.04755784061696658,0.0,0.042416452442159386,0.03598971722365039,0.032133676092544985,0.014138817480719794,0.0012853470437017994,0.017994858611825194,0.0,0.03984575835475578,0.0,0.030848329048843187,0.037275064267352186,0.008997429305912597,0.0,0.0,0.0012853470437017994,0.0,0.0,0.0,0.0,0.0038560411311053984,0.0,0.0,0.03598971722365039,0.015424164524421594,0.05269922879177378,0.0,0.04113110539845758,0.007712082262210797,0.030848329048843187,0.0,0.0,0.0,0.0,0.011568123393316195,0.0,0.037275064267352186,0.0,0.0,0.014138817480719794,0.0,0.042416452442159386,0.04627249357326478,0.0,0.042416452442159386,0.0,0.032133676092544985,0.042416452442159386,0.037275064267352186,0.04113110539845758,0.0,0.012853470437017995,0.033419023136246784,0.04113110539845758,0.0
F1,0.007263922518159807,0.0012106537530266344,0.01937046004842615,0.029055690072639227,0.04600484261501211,0.0,0.002421307506053269,0.0,0.03268765133171913,0.002421307506053269,0.0,0.0,0.04116222760290557,0.021791767554479417,0.0,0.0,0.0,0.035108958837772396,0.0,0.00847457627118644,0.04116222760290557,0.035108958837772396,0.013317191283292978,0.048426150121065374,0.04600484261501211,0.006053268765133172,0.0,0.009685230024213076,0.048426150121065374,0.04116222760290557,0.0,0.012106537530266344,0.0012106537530266344,0.002421307506053269,0.04600484261501211,0.0012106537530266344,0.048426150121065374,0.0,0.04600484261501211,0.0423728813559322,0.035108958837772396,0.025423728813559324,0.03389830508474576,0.03753026634382567,0.0,0.009685230024213076,0.04116222760290557,0.0,0.014527845036319613,0.0012106537530266344,0.0,0.044794188861985475,0.002421307506053269,0.0012106537530266344,0.0,0.0012106537530266344,0.0,0.0,0.0,0.0,0.0036319612590799033,0.0,0.012106537530266344
F5,0.0,0.009247027741083224,0.0066050198150594455,0.003963011889035667,0.005284015852047556,0.023778071334214,0.0,0.03963011889035667,0.0,0.04227212681638045,0.036988110964332896,0.03302509907529723,0.013210039630118891,0.0,0.018494055482166448,0.0,0.04095112285336856,0.0,0.031704095112285335,0.036988110964332896,0.007926023778071334,0.0,0.0,0.0,0.0,0.009247027741083224,0.0,0.0,0.002642007926023778,0.0,0.0,0.022457067371202115,0.03302509907529723,0.04095112285336856,0.0,0.05680317040951123,0.0066050198150594455,0.031704095112285335,0.0,0.017173051519154558,0.0,0.0,0.010568031704095112,0.0,0.03830911492734478,0.0,0.0,0.01453104359313078,0.0,0.04227212681638045,0.036988110964332896,0.0,0.04227212681638045,0.0,0.03302509907529723,0.04227212681638045,0.03830911492734478,0.04227212681638045,0.0,0.013210039630118891,0.03302509907529723,0.04227212681638045,0.0
FT7,0.006134969325153374,0.0010224948875255625,0.02147239263803681,0.027607361963190184,0.04703476482617587,0.0,0.002044989775051125,0.00408997955010225,0.026584867075664622,0.0081799591002045,0.002044989775051125,0.0,0.04805725971370143,0.018404907975460124,0.0,0.0,0.005112474437627812,0.028629856850715747,0.0,0.013292433537832311,0.044989775051124746,0.028629856850715747,0.011247443762781187,0.046012269938650305,0.03987730061349693,0.005112474437627812,0.0,0.0081799591002045,0.04805725971370143,0.03374233128834356,0.0,0.016359918200409,0.0010224948875255625,0.0081799591002045,0.03783231083844581,0.007157464212678937,0.05112474437627812,0.0,0.041922290388548056,0.034764826175869123,0.028629856850715747,0.02044989775051125,0.03783231083844581,0.03067484662576687,0.005112474437627812,0.0081799591002045,0.03374233128834356,0.0,0.012269938650306749,0.007157464212678937,0.00408997955010225,0.03680981595092025,0.0081799591002045,0.0010224948875255625,0.0,0.007157464212678937,0.003067484662576687,0.006134969325153374,0.0,0.0,0.009202453987730062,0.006134969325153374,0.010224948875255624
FC3,0.0,0.0,0.0,0.0,0.0,0.0328719723183391,0.0,0.04671280276816609,0.0,0.04152249134948097,0.04671280276816609,0.04671280276816609,0.0017301038062283738,0.0,0.031141868512110725,0.0,0.04325259515570934,0.0,0.04671280276816609,0.0328719723183391,0.0,0.0,0.0,0.0,0.0,0.0,0.0,0.0,0.0,0.0,0.0,0.01384083044982699,0.02768166089965398,0.03806228373702422,0.0,0.03806228373702422,0.0,0.04498269896193772,0.0,0.0,0.0,0.0,0.0,0.0,0.03633217993079585,0.0,0.0,0.02249134948096886,0.0,0.04325259515570934,0.03633217993079585,0.0,0.04325259515570934,0.0,0.04671280276816609,0.04671280276816609,0.04671280276816609,0.04671280276816609,0.0,0.02422145328719723,0.02768166089965398,0.04671280276816609,0.0
C1,0.006006006006006006,0.001001001001001001,0.015015015015015015,0.023023023023023025,0.04104104104104104,0.0,0.002002002002002002,0.0,0.03303303303303303,0.001001001001001001,0.0,0.0,0.03803803803803804,0.01701701701701702,0.0,0.0,0.0,0.03203203203203203,0.0,0.006006006006006006,0.037037037037037035,0.035035035035035036,0.011011011011011011,0.06906906906906907,0.04504504504504504,0.005005005005005005,0.0,0.008008008008008008,0.06106106106106106,0.05205205205205205,0.0,0.009009009009009009,0.006006006006006006,0.001001001001001001,0.03903903903903904,0.0,0.044044044044044044,0.0,0.06606606606606606,0.05305305305305305,0.035035035035035036,0.02702702702702703,0.03003003003003003,0.037037037037037035,0.0,0.008008008008008008,0.037037037037037035,0.0,0.012012012012012012,0.0,0.0,0.043043043043043044,0.001001001001001001,0.001001001001001001,0.0,0.0,0.0,0.0,0.0,0.0,0.002002002002002002,0.0,0.01001001001001001
C5,0.006109979633401222,0.008146639511201629,0.012219959266802444,0.020366598778004074,0.035641547861507125,0.0,0.002036659877800407,0.0,0.035641547861507125,0.0,0.0,0.0,0.031568228105906315,0.014256619144602852,0.0,0.0,0.0,0.032586558044806514,0.0,0.003054989816700611,0.031568228105906315,0.03665987780040733,0.01120162932790224,0.05804480651731161,0.04276985743380855,0.012219959266802444,0.0,0.0050916496945010185,0.04989816700610998,0.0560081466395112,0.0,0.006109979633401222,0.024439918533604887,0.0,0.03665987780040733,0.013238289205702648,0.03767820773930754,0.0,0.059063136456211814,0.07230142566191446,0.03767820773930754,0.029531568228105907,0.025458248472505093,0.03971486761710794,0.0,0.008146639511201629,0.03665987780040733,0.0,0.012219959266802444,0.0,0.0,0.04276985743380855,0.0,0.0010183299389002036,0.0,0.0,0.0,0.0,0.0,0.002036659877800407,0.0,0.0,0.010183299389002037
TP7,0.007722007722007722,0.001287001287001287,0.01287001287001287,0.023166023166023165,0.03732303732303732,0.0,0.002574002574002574,0.0,0.04504504504504504,0.0,0.0,0.0,0.032175032175032175,0.015444015444015444,0.0,0.0,0.0,0.039897039897039896,0.0,0.001287001287001287,0.032175032175032175,0.04633204633204633,0.014157014157014158,0.047619047619047616,0.04633204633204633,0.006435006435006435,0.0,0.003861003861003861,0.04504504504504504,0.05019305019305019,0.0,0.005148005148005148,0.010296010296010296,0.0,0.04118404118404118,0.0,0.039897039897039896,0.0,0.0489060489060489,0.05019305019305019,0.047619047619047616,0.03732303732303732,0.02445302445302445,0.05019305019305019,0.0,0.010296010296010296,0.043758043758043756,0.0,0.015444015444015444,0.0,0.0,0.047619047619047616,0.0,0.001287001287001287,0.0,0.0,0.0,0.0,0.0,0.002574002574002574,0.0,0.0,0.01287001287001287
CP3,0.009538950715421303,0.001589825119236884,0.012718600953895072,0.019077901430842606,0.033386327503974564,0.0,0.003179650238473768,0.0,0.0492845786963434,0.0,0.0,0.0,0.02702702702702703,0.01589825119236884,0.0,0.0,0.0,0.04133545310015898,0.0,0.0,0.02702702702702703,0.04769475357710652,0.01589825119236884,0.046104928457869634,0.04451510333863275,0.00794912559618442,0.0,0.001589825119236884,0.04292527821939587,0.05246422893481717,0.0,0.003179650238473768,0.01589825119236884,0.0,0.03815580286168521,0.0,0.03656597774244833,0.0,0.04769475357710652,0.05087440381558029,0.05087440381558029,0.0492845786963434,0.017488076311605722,0.0492845786963434,0.0,0.012718600953895072,0.04133545310015898,0.0,0.01589825119236884,0.0,0.0,0.046104928457869634,0.0,0.001589825119236884,0.001589825119236884,0.0,0.0,0.0,0.0,0.006359300476947536,0.0,0.0,0.01589825119236884
P1,0.00641025641025641,0.0,0.026923076923076925,0.03076923076923077,0.04358974358974359,0.0,0.001282051282051282,0.008974358974358974,0.016666666666666666,0.014102564102564103,0.00641025641025641,0.002564102564102564,0.05,0.021794871794871794,0.0,0.0,0.010256410256410256,0.019230769230769232,0.001282051282051282,0.020512820512820513,0.046153846153846156,0.019230769230769232,0.01282051282051282,0.038461538461538464,0.03333333333333333,0.005128205128205128,0.0,0.010256410256410256,0.041025641025641026,0.02564102564102564,0.0,0.02435897435897436,0.0,0.014102564102564103,0.03076923076923077,0.01282051282051282,0.04487179487179487,0.001282051282051282,0.035897435897435895,0.026923076923076925,0.019230769230769232,0.010256410256410256,0.047435897435897434,0.021794871794871794,0.010256410256410256,0.008974358974358974,0.02564102564102564,0.0,0.014102564102564103,0.01282051282051282,0.008974358974358974,0.029487179487179487,0.014102564102564103,0.0,0.002564102564102564,0.01282051282051282,0.007692307692307693,0.011538461538461539,0.0,0.0,0.015384615384615385,0.011538461538461539,0.011538461538461539
P5,0.007471980074719801,0.0012453300124533001,0.0136986301369863,0.023661270236612703,0.038605230386052306,0.0,0.0024906600249066002,0.0,0.04234122042341221,0.0,0.0,0.0,0.033623910336239106,0.0161892901618929,0.0,0.0,0.0,0.039850560398505604,0.0,0.0024906600249066002,0.033623910336239106,0.0448318804483188,0.0136986301369863,0.048567870485678705,0.047322540473225407,0.0062266500622665,0.0,0.0049813200498132005,0.0460772104607721,0.049813200498132,0.0,0.0062266500622665,0.008717310087173101,0.0,0.04234122042341221,0.0,0.0410958904109589,0.0,0.049813200498132,0.049813200498132,0.0448318804483188,0.034869240348692404,0.026151930261519303,0.047322540473225407,0.0,0.009962640099626401,0.043586550435865505,0.0,0.014943960149439602,0.0,0.0,0.048567870485678705,0.0,0.0012453300124533001,0.0,0.0,0.0,0.0,0.0,0.0012453300124533001,0.0,0.0,0.012453300124533
PO7,0.0,0.0,0.0046439628482972135,0.0015479876160990713,0.0030959752321981426,0.02631578947368421,0.0,0.04489164086687306,0.0,0.04489164086687306,0.04179566563467492,0.03715170278637771,0.01238390092879257,0.0,0.020123839009287926,0.0,0.04489164086687306,0.0,0.03560371517027864,0.04024767801857585,0.006191950464396285,0.0,0.0,0.0,0.0,0.0,0.0,0.0,0.0,0.0,0.0,0.02321981424148607,0.017027863777089782,0.04489164086687306,0.0,0.04489164086687306,0.0046439628482972135,0.03560371517027864,0.0,0.0,0.0,0.0,0.009287925696594427,0.0,0.043343653250773995,0.0,0.0,0.015479876160990712,0.0,0.04489164086687306,0.043343653250773995,0.0,0.04489164086687306,0.0,0.03715170278637771,0.04489164086687306,0.043343653250773995,0.04489164086687306,0.0,0.01393188854489164,0.03560371517027864,0.04489164086687306,0.0
PO3,0.023346303501945526,0.0038910505836575876,0.027237354085603113,0.03501945525291829,0.03501945525291829,0.0,0.007782101167315175,0.0,0.03501945525291829,0.0,0.0,0.0,0.03501945525291829,0.03501945525291829,0.0,0.0,0.0,0.03501945525291829,0.0,0.0,0.03501945525291829,0.03501945525291829,0.03501945525291829,0.03501945525291829,0.03501945525291829,0.019455252918287938,0.0,0.0,0.03501945525291829,0.03501945525291829,0.0,0.0038910505836575876,0.0038910505836575876,0.0,0.03501945525291829,0.0,0.03501945525291829,0.0,0.03501945525291829,0.03501945525291829,0.03501945525291829,0.03501945525291829,0.03501945525291829,0.03501945525291829,0.0,0.0311284046692607,0.03501945525291829,0.0,0.03501945525291829,0.0,0.0,0.03501945525291829,0.0,0.0038910505836575876,0.0,0.0,0.0,0.0,0.0,0.0,0.0,0.0,0.03501945525291829
POz,0.007547169811320755,0.0012578616352201257,0.01761006289308176,0.027672955974842768,0.042767295597484274,0.0,0.0025157232704402514,0.0,0.03647798742138365,0.0,0.0,0.0,0.03773584905660377,0.02012578616352201,0.0,0.0,0.0,0.0389937106918239,0.0,0.006289308176100629,0.03773584905660377,0.0389937106918239,0.013836477987421384,0.04779874213836478,0.04779874213836478,0.006289308176100629,0.0,0.00880503144654088,0.04779874213836478,0.0440251572327044,0.0,0.010062893081761006,0.0025157232704402514,0.0,0.04654088050314465,0.0,0.045283018867924525,0.0,0.04779874213836478,0.0440251572327044,0.0389937106918239,0.028930817610062894,0.03018867924528302,0.04150943396226415,0.0,0.010062893081761006,0.045283018867924525,0.0,0.01509433962264151,0.0,0.0,0.04654088050314465,0.0,0.0012578616352201257,0.0,0.0,0.0,0.0,0.0,0.0,0.0012578616352201257,0.0,0.012578616352201259
PO4,0.0,0.0,0.0,0.0,0.0,0.03900709219858156,0.0,0.04609929078014184,0.0,0.03900709219858156,0.04609929078014184,0.04609929078014184,0.0,0.0,0.04609929078014184,0.0,0.0425531914893617,0.0,0.04609929078014184,0.02127659574468085,0.0,0.0,0.0,0.0,0.0,0.0,0.0,0.0,0.0,0.0,0.0,0.0,0.04609929078014184,0.031914893617021274,0.0,0.031914893617021274,0.0,0.04609929078014184,0.0,0.0,0.0,0.0,0.0,0.0,0.028368794326241134,0.0,0.0,0.0425531914893617,0.0,0.0425531914893617,0.028368794326241134,0.0,0.0425531914893617,0.0,0.04609929078014184,0.04609929078014184,0.04609929078014184,0.04609929078014184,0.0,0.04609929078014184,0.010638297872340425,0.04609929078014184,0.0
PO8,0.016901408450704224,0.0028169014084507044,0.030985915492957747,0.036619718309859155,0.036619718309859155,0.0,0.005633802816901409,0.0,0.030985915492957747,0.0,0.0,0.0,0.036619718309859155,0.036619718309859155,0.0,0.0,0.0,0.036619718309859155,0.0,0.005633802816901409,0.036619718309859155,0.03380281690140845,0.030985915492957747,0.036619718309859155,0.036619718309859155,0.014084507042253521,0.0,0.011267605633802818,0.036619718309859155,0.036619718309859155,0.0,0.014084507042253521,0.0028169014084507044,0.0,0.036619718309859155,0.0,0.036619718309859155,0.0,0.036619718309859155,0.036619718309859155,0.030985915492957747,0.02535211267605634,0.036619718309859155,0.03380281690140845,0.0,0.022535211267605635,0.036619718309859155,0.0,0.03380281690140845,0.0,0.0,0.036619718309859155,0.0,0.0028169014084507044,0.0,0.0,0.0,0.0,0.0,0.0,0.0,0.0,0.028169014084507043
P6,0.0,0.0,0.006150061500615006,0.0036900369003690036,0.004920049200492005,0.023370233702337023,0.0,0.04797047970479705,0.0,0.04059040590405904,0.04551045510455105,0.03444034440344403,0.012300123001230012,0.0,0.020910209102091022,0.0,0.04059040590405904,0.0,0.038130381303813035,0.03690036900369004,0.007380073800738007,0.0,0.0,0.0,0.0,0.0,0.0,0.0,0.0024600246002460025,0.0,0.0,0.020910209102091022,0.01845018450184502,0.038130381303813035,0.0,0.038130381303813035,0.006150061500615006,0.033210332103321034,0.0,0.0,0.0,0.0,0.00984009840098401,0.0,0.03567035670356704,0.0,0.0,0.015990159901599015,0.0,0.04797047970479705,0.03444034440344403,0.0,0.04920049200492005,0.0,0.041820418204182044,0.05043050430504305,0.046740467404674045,0.05043050430504305,0.0,0.015990159901599015,0.03075030750307503,0.05043050430504305,0.0
P2,0.0,0.0,0.016296296296296295,0.0,0.014814814814814815,0.025185185185185185,0.0,0.05185185185185185,0.0,0.04148148148148148,0.04,0.035555555555555556,0.01037037037037037,0.0,0.01925925925925926,0.0,0.04148148148148148,0.0,0.034074074074074076,0.037037037037037035,0.0044444444444444444,0.0,0.0,0.0,0.0,0.0,0.0,0.0,0.0,0.0,0.0,0.034074074074074076,0.016296296296296295,0.054814814814814816,0.0,0.04148148148148148,0.002962962962962963,0.034074074074074076,0.0,0.0,0.0,0.0,0.007407407407407408,0.0,0.04,0.0,0.0,0.014814814814814815,0.0,0.04148148148148148,0.05185185185185185,0.0,0.04148148148148148,0.0,0.035555555555555556,0.04148148148148148,0.04148148148148148,0.04148148148148148,0.0,0.013333333333333334,0.03259259259259259,0.04148148148148148,0.0
CPz,0.0069124423963133645,0.001152073732718894,0.016129032258064516,0.02534562211981567,0.04262672811059908,0.0,0.002304147465437788,0.0,0.03686635944700461,0.0,0.0,0.0,0.038018433179723504,0.018433179723502304,0.0,0.0,0.0,0.03686635944700461,0.0,0.00576036866359447,0.038018433179723504,0.03917050691244239,0.012672811059907835,0.05069124423963134,0.05069124423963134,0.00576036866359447,0.0,0.008064516129032258,0.04953917050691244,0.044930875576036866,0.0,0.009216589861751152,0.00576036866359447,0.0,0.04377880184331797,0.0,0.044930875576036866,0.0,0.05069124423963134,0.04608294930875576,0.03917050691244239,0.029953917050691243,0.03110599078341014,0.041474654377880185,0.0,0.009216589861751152,0.04262672811059908,0.0,0.013824884792626729,0.0,0.0,0.04838709677419355,0.0,0.001152073732718894,0.0,0.0,0.0,0.0,0.0,0.0,0.001152073732718894,0.0,0.01152073732718894
CP4,0.0,0.0,0.006779661016949152,0.004519774011299435,0.005649717514124294,0.021468926553672316,0.0,0.05084745762711865,0.0,0.0384180790960452,0.04745762711864407,0.031638418079096044,0.012429378531073447,0.0011299435028248588,0.0192090395480226,0.0,0.03728813559322034,0.0,0.03728813559322034,0.03954802259887006,0.007909604519774011,0.0,0.0,0.0011299435028248588,0.0,0.0,0.0,0.0,0.003389830508474576,0.0,0.0,0.020338983050847456,0.01694915254237288,0.03615819209039548,0.0,0.03615819209039548,0.006779661016949152,0.030508474576271188,0.0,0.0,0.0,0.0,0.010169491525423728,0.0,0.0327683615819209,0.0,0.0,0.014689265536723164,0.0,0.04632768361581921,0.031638418079096044,0.0,0.0519774011299435,0.0,0.04519774011299435,0.05423728813559322,0.04971751412429379,0.05310734463276836,0.0,0.014689265536723164,0.02937853107344633,0.05310734463276836,0.0
TP8,0.03278688524590164,0.01639344262295082,0.0,0.03278688524590164,0.03278688524590164,0.0,0.03278688524590164,0.0,0.03278688524590164,0.0,0.0,0.0,0.03278688524590164,0.03278688524590164,0.0,0.0,0.0,0.03278688524590164,0.0,0.0,0.03278688524590164,0.03278688524590164,0.03278688524590164,0.03278688524590164,0.03278688524590164,0.03278688524590164,0.0,0.0,0.03278688524590164,0.03278688524590164,0.0,0.0,0.01639344262295082,0.0,0.03278688524590164,0.0,0.03278688524590164,0.0,0.03278688524590164,0.03278688524590164,0.03278688524590164,0.03278688524590164,0.03278688524590164,0.03278688524590164,0.0,0.03278688524590164,0.03278688524590164,0.0,0.03278688524590164,0.0,0.0,0.03278688524590164,0.0,0.01639344262295082,0.0,0.0,0.0,0.0,0.0,0.0,0.0,0.0,0.03278688524590164
C6,0.0,0.0,0.0,0.0,0.0,0.023779724655819776,0.0,0.06758448060075094,0.0,0.03128911138923655,0.05381727158948686,0.03504380475594493,0.0025031289111389237,0.0,0.025031289111389236,0.0,0.03254067584480601,0.0,0.04630788485607009,0.03254067584480601,0.0,0.0,0.0,0.0,0.0,0.0,0.0,0.0,0.0,0.0025031289111389237,0.0,0.011264080100125156,0.026282853566958697,0.028785982478097622,0.0,0.028785982478097622,0.0,0.03379224030037547,0.0,0.0012515644555694619,0.0012515644555694619,0.0037546933667083854,0.0,0.0,0.02753441802252816,0.0,0.0,0.016270337922403004,0.0,0.04005006257822278,0.02753441802252816,0.0,0.04630788485607009,0.0,0.06758448060075094,0.058823529411764705,0.06633291614518148,0.056320400500625784,0.0,0.023779724655819776,0.02127659574468085,0.060075093867334166,0.0
C2,0.0,0.0,0.005197505197505198,0.0031185031185031187,0.004158004158004158,0.01975051975051975,0.0,0.062370062370062374,0.0,0.034303534303534305,0.04885654885654886,0.030145530145530147,0.010395010395010396,0.0,0.01975051975051975,0.0,0.034303534303534305,0.0,0.037422037422037424,0.04054054054054054,0.006237006237006237,0.0,0.0,0.0,0.0,0.0,0.0,0.0,0.002079002079002079,0.0,0.0,0.017671517671517672,0.017671517671517672,0.032224532224532226,0.0,0.032224532224532226,0.005197505197505198,0.028066528066528068,0.0,0.0,0.0,0.0,0.008316008316008316,0.0,0.030145530145530147,0.0,0.0,0.013513513513513514,0.0,0.04158004158004158,0.029106029106029108,0.0,0.04781704781704782,0.0,0.05301455301455302,0.062370062370062374,0.060291060291060294,0.058212058212058215,0.0,0.015592515592515593,0.02598752598752599,0.062370062370062374,0.0
FC4,0.0,0.0,0.0011173184357541898,0.0,0.0,0.021229050279329607,0.0,0.06815642458100558,0.0,0.03240223463687151,0.05251396648044693,0.03240223463687151,0.0067039106145251395,0.0,0.0223463687150838,0.0,0.0335195530726257,0.0,0.041340782122905026,0.03687150837988827,0.0022346368715083797,0.0,0.0,0.0,0.0,0.0,0.0,0.0,0.0,0.0011173184357541898,0.0,0.01452513966480447,0.0223463687150838,0.030167597765363128,0.0,0.030167597765363128,0.0011173184357541898,0.030167597765363128,0.0,0.0,0.0,0.0022346368715083797,0.004469273743016759,0.0,0.02905027932960894,0.0,0.0,0.01452513966480447,0.0,0.04022346368715084,0.02905027932960894,0.0,0.04692737430167598,0.0,0.06256983240223464,0.060335195530726256,0.0670391061452514,0.05810055865921788,0.0,0.02011173184357542,0.02346368715083799,0.061452513966480445,0.0
FT8,0.0,0.0,0.004343105320304018,0.002171552660152009,0.003257328990228013,0.02062975027144408,0.0,0.05971769815418024,0.0,0.03474484256243214,0.051031487513572206,0.031487513572204126,0.009771986970684038,0.0,0.02062975027144408,0.0,0.035830618892508145,0.0,0.03908794788273615,0.038002171552660155,0.0054288816503800215,0.0,0.0,0.0,0.0,0.0,0.0,0.0,0.0010857763300760044,0.0,0.0,0.01737242128121607,0.018458197611292075,0.03257328990228013,0.0,0.03257328990228013,0.004343105320304018,0.029315960912052116,0.0,0.0,0.0,0.0,0.00760043431053203,0.0,0.031487513572204126,0.0,0.0,0.014115092290988056,0.0,0.04234527687296417,0.03040173724212812,0.0,0.048859934853420196,0.0,0.053203040173724216,0.05971769815418024,0.05863192182410423,0.05863192182410423,0.0,0.016286644951140065,0.026058631921824105,0.06080347448425624,0.0
F6,0.0,0.0,0.0,0.0,0.0,0.0,0.0,0.0,0.0,0.0,0.0,0.0,0.0,0.0,0.0,0.0,0.0,0.0,0.0,0.0,0.0,0.0,0.0,0.0,0.0,0.0,0.0,0.0,0.0,0.0,0.0,0.0,0.0,0.0,0.0,0.0,0.0,0.0,0.0,0.0,0.0,0.0,0.0,0.0,0.0,0.0,0.0,0.0,0.0,0.0,0.0,0.0,0.0,0.0,0.0,0.0,0.0,0.0,0.0,0.0,0.0,0.0,0.0
AF8,0.0027548209366391185,0.0027548209366391185,0.0,0.0027548209366391185,0.0027548209366391185,0.027548209366391185,0.0027548209366391185,0.0440771349862259,0.011019283746556474,0.027548209366391185,0.03856749311294766,0.03581267217630854,0.0027548209366391185,0.0027548209366391185,0.04132231404958678,0.0,0.030303030303030304,0.0027548209366391185,0.04132231404958678,0.013774104683195593,0.0027548209366391185,0.008264462809917356,0.0027548209366391185,0.005509641873278237,0.0027548209366391185,0.0027548209366391185,0.0,0.0,0.0027548209366391185,0.01652892561983471,0.0,0.0,0.06060606060606061,0.02203856749311295,0.0027548209366391185,0.02203856749311295,0.0027548209366391185,0.03305785123966942,0.008264462809917356,0.013774104683195593,0.013774104683195593,0.01928374655647383,0.0027548209366391185,0.011019283746556474,0.01928374655647383,0.0027548209366391185,0.0027548209366391185,0.030303030303030304,0.0027548209366391185,0.030303030303030304,0.01928374655647383,0.005509641873278237,0.030303030303030304,0.0027548209366391185,0.046831955922865015,0.03581267217630854,0.0440771349862259,0.03581267217630854,0.0,0.05509641873278237,0.005509641873278237,0.03856749311294766,0.0027548209366391185
AF4,0.0,0.0,0.011513157894736841,0.008223684210526315,0.009868421052631578,0.019736842105263157,0.0,0.039473684210526314,0.0,0.046052631578947366,0.03618421052631579,0.03125,0.019736842105263157,0.003289473684210526,0.013157894736842105,0.0,0.04111842105263158,0.0,0.029605263157894735,0.046052631578947366,0.013157894736842105,0.0,0.0,0.003289473684210526,0.0,0.0,0.0,0.001644736842105263,0.006578947368421052,0.0,0.0,0.03125,0.009868421052631578,0.046052631578947366,0.001644736842105263,0.044407894736842105,0.011513157894736841,0.029605263157894735,0.0,0.0,0.0,0.0,0.01644736842105263,0.0,0.04111842105263158,0.0,0.0,0.008223684210526315,0.0,0.044407894736842105,0.039473684210526314,0.0,0.046052631578947366,0.0,0.03125,0.044407894736842105,0.03782894736842105,0.04276315789473684,0.0,0.006578947368421052,0.044407894736842105,0.04276315789473684,0.0
F2,0.0,0.0,0.004246284501061571,0.0021231422505307855,0.0031847133757961785,0.020169851380042462,0.0,0.06263269639065817,0.0,0.03397027600849257,0.049893842887473464,0.03078556263269639,0.009554140127388535,0.0,0.021231422505307854,0.0,0.03503184713375796,0.0,0.03927813163481953,0.03821656050955414,0.005307855626326964,0.0,0.0,0.0,0.0,0.0,0.0,0.0,0.0010615711252653928,0.0,0.0,0.016985138004246284,0.01910828025477707,0.03184713375796178,0.0,0.03184713375796178,0.004246284501061571,0.028662420382165606,0.0,0.0,0.0,0.0,0.0074309978768577496,0.0,0.03078556263269639,0.0,0.0,0.013800424628450107,0.0,0.041401273885350316,0.029723991507430998,0.0,0.04777070063694268,0.0,0.055201698513800426,0.06050955414012739,0.06157112526539278,0.058386411889596604,0.0,0.016985138004246284,0.025477707006369428,0.06157112526539278,0.0
FCz,0.01935483870967742,0.0032258064516129032,0.02903225806451613,0.035483870967741936,0.035483870967741936,0.0,0.0064516129032258064,0.0,0.035483870967741936,0.0,0.0,0.0,0.035483870967741936,0.035483870967741936,0.0,0.0,0.0,0.035483870967741936,0.0,0.0,0.035483870967741936,0.035483870967741936,0.035483870967741936,0.035483870967741936,0.035483870967741936,0.016129032258064516,0.0,0.0064516129032258064,0.035483870967741936,0.035483870967741936,0.0,0.00967741935483871,0.0032258064516129032,0.0,0.035483870967741936,0.0,0.035483870967741936,0.0,0.035483870967741936,0.035483870967741936,0.035483870967741936,0.02903225806451613,0.035483870967741936,0.035483870967741936,0.0,0.025806451612903226,0.035483870967741936,0.0,0.035483870967741936,0.0,0.0,0.035483870967741936,0.0,0.0032258064516129032,0.0,0.0,0.0,0.0,0.0,0.0,0.0,0.0,0.03225806451612903
