,Fp1,Fz,F3,F7,FT9,FC5,FC1,C3,T7,TP9,CP5,CP1,Pz,P3,P7,O1,Oz,O2,P4,P8,TP10,CP6,CP2,Cz,C4,T8,FT10,FC6,FC2,F4,F8,Fp2,AF7,AF3,AFz,F1,F5,FT7,FC3,C1,C5,TP7,CP3,P1,P5,PO7,PO3,POz,PO4,PO8,P6,P2,CPz,CP4,TP8,C6,C2,FC4,FT8,F6,AF4,F2,FCz
Fp1,0.20212765957446807,0.0,0.0,0.0,0.0,0.0,0.0,0.0425531914893617,0.031914893617021274,0.0,0.06382978723404255,0.0,0.0,0.0425531914893617,0.0,0.0,0.0,0.0,0.0,0.0,0.0,0.0,0.0,0.0,0.0,0.0,0.0,0.0,0.0,0.0,0.06382978723404255,0.19148936170212766,0.031914893617021274,0.0,0.0,0.0,0.0,0.0,0.0,0.0,0.0,0.010638297872340425,0.0,0.0,0.0,0.0,0.0,0.02127659574468085,0.0,0.0,0.0,0.0,0.0,0.0,0.0,0.0,0.05319148936170213,0.10638297872340426,0.0,0.07446808510638298,0.06382978723404255,0.0,0.0
Fz,0.0,0.0,0.0,0.0,0.0,0.0,0.043478260869565216,0.043478260869565216,0.043478260869565216,0.0,0.043478260869565216,0.0,0.0,0.043478260869565216,0.0,0.0,0.0,0.0,0.043478260869565216,0.0,0.0,0.043478260869565216,0.0,0.0,0.043478260869565216,0.0,0.0,0.0,0.0,0.043478260869565216,0.043478260869565216,0.0,0.0,0.0,0.0,0.043478260869565216,0.043478260869565216,0.043478260869565216,0.043478260869565216,0.0,0.0,0.0,0.0,0.0,0.0,0.0,0.0,0.043478260869565216,0.0,0.0,0.043478260869565216,0.043478260869565216,0.0,0.043478260869565216,0.043478260869565216,0.0,0.043478260869565216,0.043478260869565216,0.0,0.043478260869565216,0.0,0.043478260869565216,0.0
F3,0.0,0.0,0.0,0.0,0.0,0.0,0.0,0.0,0.0,0.0,0.0,0.0,0.0,0.0,0.0,0.0,0.0,0.0,0.0,0.0,0.0,0.0,0.0,0.0,0.0,0.0,0.0,0.0,0.0,0.0,0.0,0.0,0.0,0.0,0.0,0.0,0.0,0.0,0.0,0.0,0.0,0.0,0.0,0.0,0.0,0.0,0.0,0.0,0.0,0.0,0.0,0.0,0.0,0.0,0.0,0.0,0.0,0.0,0.0,0.0,0.0,0.0,0.0
F7,0.0,0.0,0.0,0.0,0.0,0.0,0.0,0.0,0.0,0.0,0.0,0.0,0.0,0.0,0.0,0.0,0.0,0.0,0.0,0.0,0.0,0.0,0.0,0.0,0.0,0.0,0.0,0.0,0.0,0.0,0.0,0.0,0.0,0.0,0.0,0.0,0.0,0.0,0.0,0.0,0.0,0.0,0.0,0.0,0.0,0.0,0.0,0.0,0.0,0.0,0.0,0.0,0.0,0.0,0.0,0.0,0.0,0.0,0.0,0.0,0.0,0.0,0.0
FT9,0.0,0.0,0.0,0.0,0.0,0.0,0.0,0.0,0.0,0.0,0.0,0.0,0.0,0.0,0.0,0.0,0.0,0.0,0.0,0.0,0.0,0.0,0.0,0.0,0.0,0.0,0.0,0.0,0.0,0.0,0.0,0.0,0.0,0.0,0.0,0.0,0.0,0.0,0.0,0.0,0.0,0.0,0.0,0.0,0.0,0.0,0.0,0.0,0.0,0.0,0.0,0.0,0.0,0.0,0.0,0.0,0.0,0.0,0.0,0.0,0.0,0.0,0.0
FC5,0.0,0.0,0.0,0.0,0.0,0.0,0.0,0.0,0.0,0.0,0.0,0.0,0.0,0.0,0.0,0.0,0.0,0.0,0.0,0.0,0.0,0.0,0.0,0.0,0.0,0.0,0.0,0.0,0.0,0.0,0.0,0.0,0.0,0.0,0.0,0.0,0.0,0.0,0.0,0.0,0.0,0.0,0.0,0.0,0.0,0.0,0.0,0.0,0.0,0.0,0.0,0.0,0.0,0.0,0.0,0.0,0.0,0.0,0.0,0.0,0.0,0.0,0.0
FC1,0.012578616352201259,0.0,0.0,0.0,0.0,0.0,0.050314465408805034,0.05660377358490566,0.05660377358490566,0.0,0.05660377358490566,0.0,0.0,0.05660377358490566,0.0,0.0,0.0,0.0,0.012578616352201259,0.0,0.0,0.03773584905660377,0.0,0.0,0.031446540880503145,0.0,0.0,0.0,0.0,0.025157232704402517,0.05660377358490566,0.018867924528301886,0.0,0.0,0.0,0.018867924528301886,0.0440251572327044,0.0440251572327044,0.031446540880503145,0.0,0.0,0.0,0.0,0.0,0.0,0.0,0.0,0.05660377358490566,0.0,0.0,0.03773584905660377,0.025157232704402517,0.0,0.025157232704402517,0.0440251572327044,0.0,0.05660377358490566,0.05660377358490566,0.0,0.05660377358490566,0.0,0.031446540880503145,0.0
C3,0.030612244897959183,0.0,0.0,0.0,0.0,0.0,0.04081632653061224,0.061224489795918366,0.05612244897959184,0.0,0.0663265306122449,0.0,0.0,0.061224489795918366,0.0,0.0,0.0,0.0,0.01020408163265306,0.0,0.0,0.030612244897959183,0.0,0.0,0.025510204081632654,0.0,0.0,0.0,0.0,0.02040816326530612,0.0663265306122449,0.03571428571428571,0.0,0.0,0.0,0.015306122448979591,0.03571428571428571,0.03571428571428571,0.025510204081632654,0.0,0.0,0.0,0.0,0.0,0.0,0.0,0.0,0.05102040816326531,0.0,0.0,0.030612244897959183,0.02040816326530612,0.0,0.02040816326530612,0.03571428571428571,0.0,0.0663265306122449,0.0663265306122449,0.0,0.0663265306122449,0.0,0.025510204081632654,0.0
T7,0.026455026455026454,0.0,0.0,0.0,0.0,0.0,0.042328042328042326,0.06349206349206349,0.0582010582010582,0.0,0.06349206349206349,0.0,0.0,0.06349206349206349,0.0,0.0,0.0,0.0,0.010582010582010581,0.0,0.0,0.031746031746031744,0.0,0.0,0.026455026455026454,0.0,0.0,0.0,0.0,0.021164021164021163,0.06349206349206349,0.031746031746031744,0.0,0.0,0.0,0.015873015873015872,0.037037037037037035,0.037037037037037035,0.026455026455026454,0.0,0.0,0.0,0.0,0.0,0.0,0.0,0.0,0.05291005291005291,0.0,0.0,0.031746031746031744,0.021164021164021163,0.0,0.021164021164021163,0.037037037037037035,0.0,0.06349206349206349,0.06349206349206349,0.0,0.06349206349206349,0.0,0.026455026455026454,0.0
TP9,0.0,0.0,0.0,0.0,0.0,0.0,0.0,0.0,0.0,0.0,0.0,0.0,0.0,0.0,0.0,0.0,0.0,0.0,0.0,0.0,0.0,0.0,0.0,0.0,0.0,0.0,0.0,0.0,0.0,0.0,0.0,0.0,0.0,0.0,0.0,0.0,0.0,0.0,0.0,0.0,0.0,0.0,0.0,0.0,0.0,0.0,0.0,0.0,0.0,0.0,0.0,0.0,0.0,0.0,0.0,0.0,0.0,0.0,0.0,0.0,0.0,0.0,0.0
CP5,0.0311284046692607,0.0,0.0,0.0,0.0,0.0,0.0311284046692607,0.04669260700389105,0.042801556420233464,0.0,0.12840466926070038,0.0,0.0,0.07392996108949416,0.0,0.0,0.0,0.0,0.007782101167315175,0.0,0.0,0.023346303501945526,0.0,0.0,0.019455252918287938,0.0,0.0,0.0,0.0,0.01556420233463035,0.054474708171206226,0.03501945525291829,0.0,0.0,0.0,0.011673151750972763,0.042801556420233464,0.027237354085603113,0.019455252918287938,0.0,0.0,0.0,0.0,0.0,0.0,0.0,0.0,0.07782101167315175,0.0,0.0,0.023346303501945526,0.01556420233463035,0.0,0.01556420233463035,0.027237354085603113,0.0,0.05058365758754864,0.10116731517509728,0.0,0.058365758754863814,0.0,0.019455252918287938,0.0
CP1,0.0,0.0,0.0,0.0,0.0,0.0,0.0,0.0,0.0,0.0,0.0,0.0,0.0,0.0,0.0,0.0,0.0,0.0,0.0,0.0,0.0,0.0,0.0,0.0,0.0,0.0,0.0,0.0,0.0,0.0,0.0,0.0,0.0,0.0,0.0,0.0,0.0,0.0,0.0,0.0,0.0,0.0,0.0,0.0,0.0,0.0,0.0,0.0,0.0,0.0,0.0,0.0,0.0,0.0,0.0,0.0,0.0,0.0,0.0,0.0,0.0,0.0,0.0
Pz,0.0,0.0,0.0,0.0,0.0,0.0,0.0,0.0,0.0,0.0,0.0,0.0,0.1875,0.0,0.0625,0.0,0.0,0.16666666666666666,0.0,0.125,0.0,0.0,0.0,0.0,0.0,0.0,0.0,0.0,0.0,0.0,0.0,0.0,0.0,0.0,0.0,0.0,0.0,0.0,0.0,0.0,0.1875,0.14583333333333334,0.0,0.0,0.0,0.0,0.0,0.0,0.0,0.0,0.0,0.0,0.0,0.0,0.0,0.125,0.0,0.0,0.0,0.0,0.0,0.0,0.0
P3,0.02727272727272727,0.0,0.0,0.0,0.0,0.0,0.03636363636363636,0.05454545454545454,0.05,0.0,0.09090909090909091,0.0,0.0,0.08181818181818182,0.0,0.0,0.0,0.0,0.00909090909090909,0.0,0.0,0.02727272727272727,0.0,0.0,0.022727272727272728,0.0,0.0,0.0,0.0,0.01818181818181818,0.05909090909090909,0.031818181818181815,0.0,0.0,0.0,0.013636363636363636,0.031818181818181815,0.031818181818181815,0.022727272727272728,0.0,0.0,0.0,0.0,0.0,0.0,0.0,0.0,0.07272727272727272,0.0,0.0,0.02727272727272727,0.01818181818181818,0.0,0.01818181818181818,0.031818181818181815,0.0,0.05909090909090909,0.08181818181818182,0.0,0.05909090909090909,0.0,0.022727272727272728,0.0
P7,0.0,0.0,0.0,0.0,0.0,0.0,0.0,0.0,0.0,0.0,0.0,0.0,0.07936507936507936,0.0,0.1111111111111111,0.031746031746031744,0.0,0.12698412698412698,0.0,0.12698412698412698,0.0,0.0,0.0,0.0,0.0,0.0,0.0,0.047619047619047616,0.0,0.0,0.0,0.0,0.0,0.0,0.0,0.0,0.0,0.0,0.0,0.0,0.12698412698412698,0.12698412698412698,0.0,0.0,0.0,0.0,0.0,0.0,0.0,0.0,0.0,0.0,0.06349206349206349,0.0,0.0,0.12698412698412698,0.0,0.0,0.0,0.0,0.0,0.0,0.031746031746031744
O1,0.0,0.0,0.0,0.0,0.0,0.0,0.0,0.0,0.0,0.0,0.0,0.0,0.0,0.0,0.1111111111111111,0.07407407407407407,0.0,0.1111111111111111,0.0,0.1111111111111111,0.0,0.0,0.0,0.0,0.0,0.0,0.0,0.07407407407407407,0.0,0.0,0.0,0.0,0.0,0.0,0.0,0.0,0.0,0.0,0.0,0.0,0.1111111111111111,0.1111111111111111,0.0,0.0,0.0,0.0,0.0,0.0,0.0,0.0,0.0,0.0,0.1111111111111111,0.0,0.0,0.1111111111111111,0.0,0.0,0.0,0.0,0.0,0.0,0.07407407407407407
Oz,0.0,0.0,0.0,0.0,0.0,0.0,0.0,0.0,0.0,0.0,0.0,0.0,0.0,0.0,0.0,0.0,0.0,0.0,0.0,0.0,0.0,0.0,0.0,0.0,0.0,0.0,0.0,0.0,0.0,0.0,0.0,0.0,0.0,0.0,0.0,0.0,0.0,0.0,0.0,0.0,0.0,0.0,0.0,0.0,0.0,0.0,0.0,0.0,0.0,0.0,0.0,0.0,0.0,0.0,0.0,0.0,0.0,0.0,0.0,0.0,0.0,0.0,0.0
O2,0.0,0.0,0.0,0.0,0.0,0.0,0.0,0.0,0.0,0.0,0.0,0.0,0.07092198581560284,0.0,0.05673758865248227,0.02127659574468085,0.0,0.14893617021276595,0.0,0.1347517730496454,0.0,0.0,0.0,0.0,0.0,0.0,0.0,0.02127659574468085,0.0,0.0,0.0,0.0,0.0,0.0,0.0,0.0,0.0,0.0,0.0,0.0,0.15602836879432624,0.14184397163120568,0.0,0.0,0.0,0.0,0.0,0.0,0.0,0.0,0.0,0.0,0.07092198581560284,0.0,0.0,0.1347517730496454,0.0,0.0,0.0,0.0,0.014184397163120567,0.0,0.028368794326241134
P4,0.0,0.0,0.0,0.0,0.0,0.0,0.04411764705882353,0.04411764705882353,0.04411764705882353,0.0,0.04411764705882353,0.0,0.0,0.04411764705882353,0.0,0.0,0.0,0.0,0.029411764705882353,0.0,0.0,0.04411764705882353,0.0,0.0,0.04411764705882353,0.0,0.0,0.0,0.0,0.04411764705882353,0.04411764705882353,0.0,0.0,0.0,0.0,0.04411764705882353,0.04411764705882353,0.04411764705882353,0.04411764705882353,0.0,0.0,0.0,0.0,0.0,0.0,0.0,0.0,0.04411764705882353,0.0,0.0,0.04411764705882353,0.04411764705882353,0.0,0.04411764705882353,0.04411764705882353,0.0,0.04411764705882353,0.04411764705882353,0.0,0.04411764705882353,0.0,0.04411764705882353,0.0
P8,0.0,0.0,0.0,0.0,0.0,0.0,0.0,0.0,0.0,0.0,0.0,0.0,0.05442176870748299,0.0,0.05442176870748299,0.02040816326530612,0.0,0.14285714285714285,0.0,0.14285714285714285,0.0,0.0,0.0,0.0,0.0,0.0,0.0,0.02040816326530612,0.0,0.0,0.0,0.0,0.0,0.0,0.0,0.0,0.0,0.0,0.0,0.0,0.14965986394557823,0.14965986394557823,0.0,0.0,0.0,0.0,0.0,0.0,0.0,0.0,0.0,0.0,0.06802721088435375,0.0,0.0,0.14285714285714285,0.0,0.0,0.0,0.0,0.027210884353741496,0.0,0.027210884353741496
TP10,0.0,0.0,0.0,0.0,0.0,0.0,0.0,0.0,0.0,0.0,0.0,0.0,0.0,0.0,0.0,0.0,0.0,0.0,0.0,0.0,0.0,0.0,0.0,0.0,0.0,0.0,0.0,0.0,0.0,0.0,0.0,0.0,0.0,0.0,0.0,0.0,0.0,0.0,0.0,0.0,0.0,0.0,0.0,0.0,0.0,0.0,0.0,0.0,0.0,0.0,0.0,0.0,0.0,0.0,0.0,0.0,0.0,0.0,0.0,0.0,0.0,0.0,0.0
CP6,0.0,0.0,0.0,0.0,0.0,0.0,0.051470588235294115,0.051470588235294115,0.051470588235294115,0.0,0.051470588235294115,0.0,0.0,0.051470588235294115,0.0,0.0,0.0,0.0,0.014705882352941176,0.0,0.0,0.04411764705882353,0.0,0.0,0.03676470588235294,0.0,0.0,0.0,0.0,0.029411764705882353,0.051470588235294115,0.007352941176470588,0.0,0.0,0.0,0.022058823529411766,0.051470588235294115,0.051470588235294115,0.03676470588235294,0.0,0.0,0.0,0.0,0.0,0.0,0.0,0.0,0.051470588235294115,0.0,0.0,0.04411764705882353,0.029411764705882353,0.0,0.029411764705882353,0.051470588235294115,0.0,0.051470588235294115,0.051470588235294115,0.0,0.051470588235294115,0.0,0.03676470588235294,0.0
CP2,0.0,0.0,0.0,0.0,0.0,0.0,0.0,0.0,0.0,0.0,0.0,0.0,0.0,0.0,0.0,0.0,0.0,0.0,0.0,0.0,0.0,0.0,0.0,0.0,0.0,0.0,0.0,0.0,0.0,0.0,0.0,0.0,0.0,0.0,0.0,0.0,0.0,0.0,0.0,0.0,0.0,0.0,0.0,0.0,0.0,0.0,0.0,0.0,0.0,0.0,0.0,0.0,0.0,0.0,0.0,0.0,0.0,0.0,0.0,0.0,0.0,0.0,0.0
Cz,0.0,0.0,0.0,0.0,0.0,0.0,0.0,0.0,0.0,0.0,0.0,0.0,0.0,0.0,0.0,0.0,0.0,0.0,0.0,0.0,0.0,0.0,0.0,0.0,0.0,0.0,0.0,0.0,0.0,0.0,0.0,0.0,0.0,0.0,0.0,0.0,0.0,0.0,0.0,0.0,0.0,0.0,0.0,0.0,0.0,0.0,0.0,0.0,0.0,0.0,0.0,0.0,0.0,0.0,0.0,0.0,0.0,0.0,0.0,0.0,0.0,0.0,0.0
C4,0.0,0.0,0.0,0.0,0.0,0.0,0.04918032786885246,0.04918032786885246,0.04918032786885246,0.0,0.04918032786885246,0.0,0.0,0.04918032786885246,0.0,0.0,0.0,0.0,0.01639344262295082,0.0,0.0,0.04918032786885246,0.0,0.0,0.040983606557377046,0.0,0.0,0.0,0.0,0.03278688524590164,0.04918032786885246,0.0,0.0,0.0,0.0,0.02459016393442623,0.04918032786885246,0.04918032786885246,0.040983606557377046,0.0,0.0,0.0,0.0,0.0,0.0,0.0,0.0,0.04918032786885246,0.0,0.0,0.04918032786885246,0.03278688524590164,0.0,0.03278688524590164,0.04918032786885246,0.0,0.04918032786885246,0.04918032786885246,0.0,0.04918032786885246,0.0,0.040983606557377046,0.0
T8,0.0,0.0,0.0,0.0,0.0,0.0,0.0,0.0,0.0,0.0,0.0,0.0,0.0,0.0,0.0,0.0,0.0,0.0,0.0,0.0,0.0,0.0,0.0,0.0,0.0,0.0,0.0,0.0,0.0,0.0,0.0,0.0,0.0,0.0,0.0,0.0,0.0,0.0,0.0,0.0,0.0,0.0,0.0,0.0,0.0,0.0,0.0,0.0,0.0,0.0,0.0,0.0,0.0,0.0,0.0,0.0,0.0,0.0,0.0,0.0,0.0,0.0,0.0
FT10,0.0,0.0,0.0,0.0,0.0,0.0,0.0,0.0,0.0,0.0,0.0,0.0,0.0,0.0,0.0,0.0,0.0,0.0,0.0,0.0,0.0,0.0,0.0,0.0,0.0,0.0,0.0,0.0,0.0,0.0,0.0,0.0,0.0,0.0,0.0,0.0,0.0,0.0,0.0,0.0,0.0,0.0,0.0,0.0,0.0,0.0,0.0,0.0,0.0,0.0,0.0,0.0,0.0,0.0,0.0,0.0,0.0,0.0,0.0,0.0,0.0,0.0,0.0
FC6,0.0,0.0,0.0,0.0,0.0,0.0,0.0,0.0,0.0,0.0,0.0,0.0,0.08333333333333333,0.0,0.125,0.0,0.0,0.125,0.0,0.125,0.0,0.0,0.0,0.0,0.0,0.0,0.0,0.08333333333333333,0.0,0.0,0.0,0.0,0.0,0.0,0.0,0.0,0.0,0.0,0.0,0.0,0.125,0.125,0.0,0.0,0.0,0.0,0.0,0.0,0.0,0.0,0.0,0.0,0.08333333333333333,0.0,0.0,0.125,0.0,0.0,0.0,0.0,0.0,0.0,0.0
FC2,0.0,0.0,0.0,0.0,0.0,0.0,0.0,0.0,0.0,0.0,0.0,0.0,0.0,0.0,0.0,0.0,0.0,0.0,0.0,0.0,0.0,0.0,0.0,0.0,0.0,0.0,0.0,0.0,0.0,0.0,0.0,0.0,0.0,0.0,0.0,0.0,0.0,0.0,0.0,0.0,0.0,0.0,0.0,0.0,0.0,0.0,0.0,0.0,0.0,0.0,0.0,0.0,0.0,0.0,0.0,0.0,0.0,0.0,0.0,0.0,0.0,0.0,0.0
F4,0.0,0.0,0.0,0.0,0.0,0.0,0.04672897196261682,0.04672897196261682,0.04672897196261682,0.0,0.04672897196261682,0.0,0.0,0.04672897196261682,0.0,0.0,0.0,0.0,0.018691588785046728,0.0,0.0,0.04672897196261682,0.0,0.0,0.04672897196261682,0.0,0.0,0.0,0.0,0.037383177570093455,0.04672897196261682,0.0,0.0,0.0,0.0,0.028037383177570093,0.04672897196261682,0.04672897196261682,0.04672897196261682,0.0,0.0,0.0,0.0,0.0,0.0,0.0,0.0,0.04672897196261682,0.0,0.0,0.04672897196261682,0.037383177570093455,0.0,0.037383177570093455,0.04672897196261682,0.0,0.04672897196261682,0.04672897196261682,0.0,0.04672897196261682,0.0,0.04672897196261682,0.0
F8,0.038834951456310676,0.0,0.0,0.0,0.0,0.0,0.038834951456310676,0.05825242718446602,0.05339805825242718,0.0,0.06796116504854369,0.0,0.0,0.05825242718446602,0.0,0.0,0.0,0.0,0.009708737864077669,0.0,0.0,0.02912621359223301,0.0,0.0,0.024271844660194174,0.0,0.0,0.0,0.0,0.019417475728155338,0.06796116504854369,0.043689320388349516,0.0,0.0,0.0,0.014563106796116505,0.03398058252427184,0.03398058252427184,0.024271844660194174,0.0,0.0,0.0,0.0,0.0,0.0,0.0,0.0,0.04854368932038835,0.0,0.0,0.02912621359223301,0.019417475728155338,0.0,0.019417475728155338,0.03398058252427184,0.0,0.06310679611650485,0.07281553398058252,0.0,0.07281553398058252,0.0,0.024271844660194174,0.0
Fp2,0.19230769230769232,0.0,0.0,0.0,0.0,0.0,0.009615384615384616,0.04807692307692308,0.038461538461538464,0.0,0.0673076923076923,0.0,0.0,0.04807692307692308,0.0,0.0,0.0,0.0,0.0,0.0,0.0,0.0,0.0,0.0,0.0,0.0,0.0,0.0,0.0,0.0,0.0673076923076923,0.18269230769230768,0.028846153846153848,0.0,0.0,0.0,0.0,0.0,0.0,0.0,0.0,0.0,0.0,0.0,0.0,0.0,0.0,0.028846153846153848,0.0,0.0,0.0,0.0,0.0,0.0,0.0,0.0,0.057692307692307696,0.10576923076923077,0.0,0.07692307692307693,0.04807692307692308,0.0,0.0
AF7,0.3,0.0,0.0,0.0,0.0,0.0,0.0,0.0,0.0,0.0,0.0,0.0,0.0,0.0,0.0,0.0,0.0,0.0,0.0,0.0,0.0,0.0,0.0,0.0,0.0,0.0,0.0,0.0,0.0,0.0,0.0,0.2,0.2,0.0,0.0,0.0,0.0,0.0,0.0,0.0,0.0,0.0,0.0,0.0,0.0,0.0,0.0,0.0,0.0,0.0,0.0,0.0,0.0,0.0,0.0,0.0,0.0,0.0,0.0,0.0,0.3,0.0,0.0
AF3,0.0,0.0,0.0,0.0,0.0,0.0,0.0,0.0,0.0,0.0,0.0,0.0,0.0,0.0,0.0,0.0,0.0,0.0,0.0,0.0,0.0,0.0,0.0,0.0,0.0,0.0,0.0,0.0,0.0,0.0,0.0,0.0,0.0,0.0,0.0,0.0,0.0,0.0,0.0,0.0,0.0,0.0,0.0,0.0,0.0,0.0,0.0,0.0,0.0,0.0,0.0,0.0,0.0,0.0,0.0,0.0,0.0,0.0,0.0,0.0,0.0,0.0,0.0
AFz,0.0,0.0,0.0,0.0,0.0,0.0,0.0,0.0,0.0,0.0,0.0,0.0,0.0,0.0,0.0,0.0,0.0,0.0,0.0,0.0,0.0,0.0,0.0,0.0,0.0,0.0,0.0,0.0,0.0,0.0,0.0,0.0,0.0,0.0,0.0,0.0,0.0,0.0,0.0,0.0,0.0,0.0,0.0,0.0,0.0,0.0,0.0,0.0,0.0,0.0,0.0,0.0,0.0,0.0,0.0,0.0,0.0,0.0,0.0,0.0,0.0,0.0,0.0
F1,0.0,0.0,0.0,0.0,0.0,0.0,0.0449438202247191,0.0449438202247191,0.0449438202247191,0.0,0.0449438202247191,0.0,0.0,0.0449438202247191,0.0,0.0,0.0,0.0,0.02247191011235955,0.0,0.0,0.0449438202247191,0.0,0.0,0.0449438202247191,0.0,0.0,0.0,0.0,0.0449438202247191,0.0449438202247191,0.0,0.0,0.0,0.0,0.033707865168539325,0.0449438202247191,0.0449438202247191,0.0449438202247191,0.0,0.0,0.0,0.0,0.0,0.0,0.0,0.0,0.0449438202247191,0.0,0.0,0.0449438202247191,0.0449438202247191,0.0,0.0449438202247191,0.0449438202247191,0.0,0.0449438202247191,0.0449438202247191,0.0,0.0449438202247191,0.0,0.0449438202247191,0.0
F5,0.0058823529411764705,0.0,0.0,0.0,0.0,0.0,0.047058823529411764,0.047058823529411764,0.047058823529411764,0.0,0.08235294117647059,0.0,0.0,0.058823529411764705,0.0,0.0,0.0,0.0,0.011764705882352941,0.0,0.0,0.03529411764705882,0.0,0.0,0.029411764705882353,0.0,0.0,0.0,0.0,0.023529411764705882,0.047058823529411764,0.011764705882352941,0.0,0.0,0.0,0.01764705882352941,0.08235294117647059,0.041176470588235294,0.029411764705882353,0.0,0.0,0.0,0.0,0.0,0.0,0.0,0.0,0.08823529411764706,0.0,0.0,0.03529411764705882,0.023529411764705882,0.0,0.023529411764705882,0.041176470588235294,0.0,0.047058823529411764,0.047058823529411764,0.0,0.047058823529411764,0.0,0.029411764705882353,0.0
FT7,0.006756756756756757,0.0,0.0,0.0,0.0,0.0,0.05405405405405406,0.05405405405405406,0.05405405405405406,0.0,0.05405405405405406,0.0,0.0,0.05405405405405406,0.0,0.0,0.0,0.0,0.013513513513513514,0.0,0.0,0.04054054054054054,0.0,0.0,0.033783783783783786,0.0,0.0,0.0,0.0,0.02702702702702703,0.05405405405405406,0.013513513513513514,0.0,0.0,0.0,0.02027027027027027,0.0472972972972973,0.0472972972972973,0.033783783783783786,0.0,0.0,0.0,0.0,0.0,0.0,0.0,0.0,0.05405405405405406,0.0,0.0,0.04054054054054054,0.02702702702702703,0.0,0.02702702702702703,0.0472972972972973,0.0,0.05405405405405406,0.05405405405405406,0.0,0.05405405405405406,0.0,0.033783783783783786,0.0
FC3,0.0,0.0,0.0,0.0,0.0,0.0,0.04918032786885246,0.04918032786885246,0.04918032786885246,0.0,0.04918032786885246,0.0,0.0,0.04918032786885246,0.0,0.0,0.0,0.0,0.01639344262295082,0.0,0.0,0.04918032786885246,0.0,0.0,0.040983606557377046,0.0,0.0,0.0,0.0,0.03278688524590164,0.04918032786885246,0.0,0.0,0.0,0.0,0.02459016393442623,0.04918032786885246,0.04918032786885246,0.040983606557377046,0.0,0.0,0.0,0.0,0.0,0.0,0.0,0.0,0.04918032786885246,0.0,0.0,0.04918032786885246,0.03278688524590164,0.0,0.03278688524590164,0.04918032786885246,0.0,0.04918032786885246,0.04918032786885246,0.0,0.04918032786885246,0.0,0.040983606557377046,0.0
C1,0.0,0.0,0.0,0.0,0.0,0.0,0.0,0.0,0.0,0.0,0.0,0.0,0.0,0.0,0.0,0.0,0.0,0.0,0.0,0.0,0.0,0.0,0.0,0.0,0.0,0.0,0.0,0.0,0.0,0.0,0.0,0.0,0.0,0.0,0.0,0.0,0.0,0.0,0.0,0.0,0.0,0.0,0.0,0.0,0.0,0.0,0.0,0.0,0.0,0.0,0.0,0.0,0.0,0.0,0.0,0.0,0.0,0.0,0.0,0.0,0.0,0.0,0.0
C5,0.0,0.0,0.0,0.0,0.0,0.0,0.0,0.0,0.0,0.0,0.0,0.0,0.06802721088435375,0.0,0.05442176870748299,0.02040816326530612,0.0,0.14965986394557823,0.0,0.1360544217687075,0.0,0.0,0.0,0.0,0.0,0.0,0.0,0.02040816326530612,0.0,0.0,0.0,0.0,0.0,0.0,0.0,0.0,0.0,0.0,0.0,0.0,0.1564625850340136,0.14285714285714285,0.0,0.0,0.0,0.0,0.0,0.0,0.0,0.0,0.0,0.0,0.06802721088435375,0.0,0.0,0.1360544217687075,0.0,0.0,0.0,0.0,0.02040816326530612,0.0,0.027210884353741496
TP7,0.0,0.0,0.0,0.0,0.0,0.0,0.0,0.0,0.0,0.0,0.0,0.0,0.05732484076433121,0.0,0.050955414012738856,0.01910828025477707,0.0,0.14012738853503184,0.0,0.14012738853503184,0.0,0.0,0.0,0.0,0.0,0.0,0.0,0.01910828025477707,0.0,0.0,0.0,0.0,0.0,0.0,0.0,0.0,0.0,0.0,0.0,0.0,0.1464968152866242,0.1592356687898089,0.0,0.0,0.0,0.0,0.0,0.0,0.0,0.0,0.0,0.0,0.06369426751592357,0.0,0.0,0.1337579617834395,0.0,0.0,0.0,0.0,0.044585987261146494,0.0,0.025477707006369428
CP3,0.0,0.0,0.0,0.0,0.0,0.0,0.0,0.0,0.0,0.0,0.0,0.0,0.0,0.0,0.0,0.0,0.0,0.0,0.0,0.0,0.0,0.0,0.0,0.0,0.0,0.0,0.0,0.0,0.0,0.0,0.0,0.0,0.0,0.0,0.0,0.0,0.0,0.0,0.0,0.0,0.0,0.0,0.0,0.0,0.0,0.0,0.0,0.0,0.0,0.0,0.0,0.0,0.0,0.0,0.0,0.0,0.0,0.0,0.0,0.0,0.0,0.0,0.0
P1,0.0,0.0,0.0,0.0,0.0,0.0,0.0,0.0,0.0,0.0,0.0,0.0,0.0,0.0,0.0,0.0,0.0,0.0,0.0,0.0,0.0,0.0,0.0,0.0,0.0,0.0,0.0,0.0,0.0,0.0,0.0,0.0,0.0,0.0,0.0,0.0,0.0,0.0,0.0,0.0,0.0,0.0,0.0,0.0,0.0,0.0,0.0,0.0,0.0,0.0,0.0,0.0,0.0,0.0,0.0,0.0,0.0,0.0,0.0,0.0,0.0,0.0,0.0
P5,0.0,0.0,0.0,0.0,0.0,0.0,0.0,0.0,0.0,0.0,0.0,0.0,0.0,0.0,0.0,0.0,0.0,0.0,0.0,0.0,0.0,0.0,0.0,0.0,0.0,0.0,0.0,0.0,0.0,0.0,0.0,0.0,0.0,0.0,0.0,0.0,0.0,0.0,0.0,0.0,0.0,0.0,0.0,0.0,0.0,0.0,0.0,0.0,0.0,0.0,0.0,0.0,0.0,0.0,0.0,0.0,0.0,0.0,0.0,0.0,0.0,0.0,0.0
PO7,0.0,0.0,0.0,0.0,0.0,0.0,0.0,0.0,0.0,0.0,0.0,0.0,0.0,0.0,0.0,0.0,0.0,0.0,0.0,0.0,0.0,0.0,0.0,0.0,0.0,0.0,0.0,0.0,0.0,0.0,0.0,0.0,0.0,0.0,0.0,0.0,0.0,0.0,0.0,0.0,0.0,0.0,0.0,0.0,0.0,0.0,0.0,0.0,0.0,0.0,0.0,0.0,0.0,0.0,0.0,0.0,0.0,0.0,0.0,0.0,0.0,0.0,0.0
PO3,0.0,0.0,0.0,0.0,0.0,0.0,0.0,0.0,0.0,0.0,0.0,0.0,0.0,0.0,0.0,0.0,0.0,0.0,0.0,0.0,0.0,0.0,0.0,0.0,0.0,0.0,0.0,0.0,0.0,0.0,0.0,0.0,0.0,0.0,0.0,0.0,0.0,0.0,0.0,0.0,0.0,0.0,0.0,0.0,0.0,0.0,0.0,0.0,0.0,0.0,0.0,0.0,0.0,0.0,0.0,0.0,0.0,0.0,0.0,0.0,0.0,0.0,0.0
POz,0.01818181818181818,0.0,0.0,0.0,0.0,0.0,0.03636363636363636,0.05,0.05,0.0,0.10454545454545454,0.0,0.0,0.08181818181818182,0.0,0.0,0.0,0.0,0.00909090909090909,0.0,0.0,0.02727272727272727,0.0,0.0,0.022727272727272728,0.0,0.0,0.0,0.0,0.01818181818181818,0.05,0.022727272727272728,0.0,0.0,0.0,0.013636363636363636,0.05454545454545454,0.031818181818181815,0.022727272727272728,0.0,0.0,0.0,0.0,0.0,0.0,0.0,0.0,0.09545454545454546,0.0,0.0,0.02727272727272727,0.01818181818181818,0.0,0.01818181818181818,0.031818181818181815,0.0,0.05,0.07272727272727272,0.0,0.05,0.0,0.022727272727272728,0.0
PO4,0.0,0.0,0.0,0.0,0.0,0.0,0.0,0.0,0.0,0.0,0.0,0.0,0.0,0.0,0.0,0.0,0.0,0.0,0.0,0.0,0.0,0.0,0.0,0.0,0.0,0.0,0.0,0.0,0.0,0.0,0.0,0.0,0.0,0.0,0.0,0.0,0.0,0.0,0.0,0.0,0.0,0.0,0.0,0.0,0.0,0.0,0.0,0.0,0.0,0.0,0.0,0.0,0.0,0.0,0.0,0.0,0.0,0.0,0.0,0.0,0.0,0.0,0.0
PO8,0.0,0.0,0.0,0.0,0.0,0.0,0.0,0.0,0.0,0.0,0.0,0.0,0.0,0.0,0.0,0.0,0.0,0.0,0.0,0.0,0.0,0.0,0.0,0.0,0.0,0.0,0.0,0.0,0.0,0.0,0.0,0.0,0.0,0.0,0.0,0.0,0.0,0.0,0.0,0.0,0.0,0.0,0.0,0.0,0.0,0.0,0.0,0.0,0.0,0.0,0.0,0.0,0.0,0.0,0.0,0.0,0.0,0.0,0.0,0.0,0.0,0.0,0.0
P6,0.0,0.0,0.0,0.0,0.0,0.0,0.051470588235294115,0.051470588235294115,0.051470588235294115,0.0,0.051470588235294115,0.0,0.0,0.051470588235294115,0.0,0.0,0.0,0.0,0.014705882352941176,0.0,0.0,0.04411764705882353,0.0,0.0,0.03676470588235294,0.0,0.0,0.0,0.0,0.029411764705882353,0.051470588235294115,0.007352941176470588,0.0,0.0,0.0,0.022058823529411766,0.051470588235294115,0.051470588235294115,0.03676470588235294,0.0,0.0,0.0,0.0,0.0,0.0,0.0,0.0,0.051470588235294115,0.0,0.0,0.04411764705882353,0.029411764705882353,0.0,0.029411764705882353,0.051470588235294115,0.0,0.051470588235294115,0.051470588235294115,0.0,0.051470588235294115,0.0,0.03676470588235294,0.0
P2,0.0,0.0,0.0,0.0,0.0,0.0,0.04672897196261682,0.04672897196261682,0.04672897196261682,0.0,0.04672897196261682,0.0,0.0,0.04672897196261682,0.0,0.0,0.0,0.0,0.018691588785046728,0.0,0.0,0.04672897196261682,0.0,0.0,0.04672897196261682,0.0,0.0,0.0,0.0,0.037383177570093455,0.04672897196261682,0.0,0.0,0.0,0.0,0.028037383177570093,0.04672897196261682,0.04672897196261682,0.04672897196261682,0.0,0.0,0.0,0.0,0.0,0.0,0.0,0.0,0.04672897196261682,0.0,0.0,0.04672897196261682,0.037383177570093455,0.0,0.037383177570093455,0.04672897196261682,0.0,0.04672897196261682,0.04672897196261682,0.0,0.04672897196261682,0.0,0.04672897196261682,0.0
CPz,0.0,0.0,0.0,0.0,0.0,0.0,0.0,0.0,0.0,0.0,0.0,0.0,0.025974025974025976,0.0,0.07792207792207792,0.03896103896103896,0.0,0.12987012987012986,0.0,0.12987012987012986,0.0,0.0,0.0,0.0,0.0,0.0,0.0,0.03896103896103896,0.0,0.0,0.0,0.0,0.0,0.0,0.0,0.0,0.0,0.0,0.0,0.0,0.12987012987012986,0.12987012987012986,0.0,0.0,0.0,0.0,0.0,0.0,0.0,0.0,0.0,0.0,0.11688311688311688,0.0,0.0,0.12987012987012986,0.0,0.0,0.0,0.0,0.0,0.0,0.05194805194805195
CP4,0.0,0.0,0.0,0.0,0.0,0.0,0.04672897196261682,0.04672897196261682,0.04672897196261682,0.0,0.04672897196261682,0.0,0.0,0.04672897196261682,0.0,0.0,0.0,0.0,0.018691588785046728,0.0,0.0,0.04672897196261682,0.0,0.0,0.04672897196261682,0.0,0.0,0.0,0.0,0.037383177570093455,0.04672897196261682,0.0,0.0,0.0,0.0,0.028037383177570093,0.04672897196261682,0.04672897196261682,0.04672897196261682,0.0,0.0,0.0,0.0,0.0,0.0,0.0,0.0,0.04672897196261682,0.0,0.0,0.04672897196261682,0.037383177570093455,0.0,0.037383177570093455,0.04672897196261682,0.0,0.04672897196261682,0.04672897196261682,0.0,0.04672897196261682,0.0,0.04672897196261682,0.0
TP8,0.006756756756756757,0.0,0.0,0.0,0.0,0.0,0.05405405405405406,0.05405405405405406,0.05405405405405406,0.0,0.05405405405405406,0.0,0.0,0.05405405405405406,0.0,0.0,0.0,0.0,0.013513513513513514,0.0,0.0,0.04054054054054054,0.0,0.0,0.033783783783783786,0.0,0.0,0.0,0.0,0.02702702702702703,0.05405405405405406,0.013513513513513514,0.0,0.0,0.0,0.02027027027027027,0.0472972972972973,0.0472972972972973,0.033783783783783786,0.0,0.0,0.0,0.0,0.0,0.0,0.0,0.0,0.05405405405405406,0.0,0.0,0.04054054054054054,0.02702702702702703,0.0,0.02702702702702703,0.0472972972972973,0.0,0.05405405405405406,0.05405405405405406,0.0,0.05405405405405406,0.0,0.033783783783783786,0.0
C6,0.0,0.0,0.0,0.0,0.0,0.0,0.0,0.0,0.0,0.0,0.0,0.0,0.056338028169014086,0.0,0.056338028169014086,0.02112676056338028,0.0,0.14788732394366197,0.0,0.14084507042253522,0.0,0.0,0.0,0.0,0.0,0.0,0.0,0.02112676056338028,0.0,0.0,0.0,0.0,0.0,0.0,0.0,0.0,0.0,0.0,0.0,0.0,0.14788732394366197,0.14788732394366197,0.0,0.0,0.0,0.0,0.0,0.0,0.0,0.0,0.0,0.0,0.07042253521126761,0.0,0.0,0.14084507042253522,0.0,0.0,0.0,0.0,0.02112676056338028,0.0,0.028169014084507043
C2,0.034653465346534656,0.0,0.0,0.0,0.0,0.0,0.039603960396039604,0.0594059405940594,0.054455445544554455,0.0,0.06930693069306931,0.0,0.0,0.0594059405940594,0.0,0.0,0.0,0.0,0.009900990099009901,0.0,0.0,0.0297029702970297,0.0,0.0,0.024752475247524754,0.0,0.0,0.0,0.0,0.019801980198019802,0.06930693069306931,0.039603960396039604,0.0,0.0,0.0,0.01485148514851485,0.034653465346534656,0.034653465346534656,0.024752475247524754,0.0,0.0,0.0,0.0,0.0,0.0,0.0,0.0,0.04950495049504951,0.0,0.0,0.0297029702970297,0.019801980198019802,0.0,0.019801980198019802,0.034653465346534656,0.0,0.06435643564356436,0.06930693069306931,0.0,0.06930693069306931,0.0,0.024752475247524754,0.0
FC4,0.04918032786885246,0.0,0.0,0.0,0.0,0.0,0.03278688524590164,0.04918032786885246,0.045081967213114756,0.0,0.10245901639344263,0.0,0.0,0.06147540983606557,0.0,0.0,0.0,0.0,0.00819672131147541,0.0,0.0,0.02459016393442623,0.0,0.0,0.020491803278688523,0.0,0.0,0.0,0.0,0.01639344262295082,0.05737704918032787,0.05327868852459016,0.0,0.0,0.0,0.012295081967213115,0.028688524590163935,0.028688524590163935,0.020491803278688523,0.0,0.0,0.0,0.0,0.0,0.0,0.0,0.0,0.05327868852459016,0.0,0.0,0.02459016393442623,0.01639344262295082,0.0,0.01639344262295082,0.028688524590163935,0.0,0.05327868852459016,0.11475409836065574,0.0,0.06147540983606557,0.0,0.020491803278688523,0.0
FT8,0.0,0.0,0.0,0.0,0.0,0.0,0.0,0.0,0.0,0.0,0.0,0.0,0.0,0.0,0.0,0.0,0.0,0.0,0.0,0.0,0.0,0.0,0.0,0.0,0.0,0.0,0.0,0.0,0.0,0.0,0.0,0.0,0.0,0.0,0.0,0.0,0.0,0.0,0.0,0.0,0.0,0.0,0.0,0.0,0.0,0.0,0.0,0.0,0.0,0.0,0.0,0.0,0.0,0.0,0.0,0.0,0.0,0.0,0.0,0.0,0.0,0.0,0.0
F6,0.0430622009569378,0.0,0.0,0.0,0.0,0.0,0.03827751196172249,0.05741626794258373,0.05263157894736842,0.0,0.06698564593301436,0.0,0.0,0.05741626794258373,0.0,0.0,0.0,0.0,0.009569377990430622,0.0,0.0,0.028708133971291867,0.0,0.0,0.023923444976076555,0.0,0.0,0.0,0.0,0.019138755980861243,0.06698564593301436,0.04784688995215311,0.0,0.0,0.0,0.014354066985645933,0.03349282296650718,0.03349282296650718,0.023923444976076555,0.0,0.0,0.0,0.0,0.0,0.0,0.0,0.0,0.04784688995215311,0.0,0.0,0.028708133971291867,0.019138755980861243,0.0,0.019138755980861243,0.03349282296650718,0.0,0.06220095693779904,0.07655502392344497,0.0,0.07177033492822966,0.0,0.023923444976076555,0.0
AF4,0.0784313725490196,0.0,0.0,0.0,0.0,0.0,0.0,0.0,0.0,0.0,0.0,0.0,0.0,0.0,0.0,0.0,0.0,0.0784313725490196,0.0,0.11764705882352941,0.0,0.0,0.0,0.0,0.0,0.0,0.0,0.0,0.0,0.0,0.0,0.058823529411764705,0.058823529411764705,0.0,0.0,0.0,0.0,0.0,0.0,0.0,0.09803921568627451,0.17647058823529413,0.0,0.0,0.0,0.0,0.0,0.0,0.0,0.0,0.0,0.0,0.0,0.0,0.0,0.09803921568627451,0.0,0.0,0.0,0.0,0.23529411764705882,0.0,0.0
F2,0.0,0.0,0.0,0.0,0.0,0.0,0.04918032786885246,0.04918032786885246,0.04918032786885246,0.0,0.04918032786885246,0.0,0.0,0.04918032786885246,0.0,0.0,0.0,0.0,0.01639344262295082,0.0,0.0,0.04918032786885246,0.0,0.0,0.040983606557377046,0.0,0.0,0.0,0.0,0.03278688524590164,0.04918032786885246,0.0,0.0,0.0,0.0,0.02459016393442623,0.04918032786885246,0.04918032786885246,0.040983606557377046,0.0,0.0,0.0,0.0,0.0,0.0,0.0,0.0,0.04918032786885246,0.0,0.0,0.04918032786885246,0.03278688524590164,0.0,0.03278688524590164,0.04918032786885246,0.0,0.04918032786885246,0.04918032786885246,0.0,0.04918032786885246,0.0,0.040983606557377046,0.0
FCz,0.0,0.0,0.0,0.0,0.0,0.0,0.0,0.0,0.0,0.0,0.0,0.0,0.0,0.0,0.1111111111111111,0.08333333333333333,0.0,0.1111111111111111,0.0,0.1111111111111111,0.0,0.0,0.0,0.0,0.0,0.0,0.0,0.05555555555555555,0.0,0.0,0.0,0.0,0.0,0.0,0.0,0.0,0.0,0.0,0.0,0.0,0.1111111111111111,0.1111111111111111,0.0,0.0,0.0,0.0,0.0,0.0,0.0,0.0,0.0,0.0,0.1111111111111111,0.0,0.0,0.1111111111111111,0.0,0.0,0.0,0.0,0.0,0.0,0.08333333333333333
