,Fp1,Fz,F3,F7,FT9,FC5,FC1,C3,T7,TP9,CP5,CP1,Pz,P3,P7,O1,Oz,O2,P4,P8,TP10,CP6,CP2,Cz,C4,T8,FT10,FC6,FC2,F4,F8,Fp2,AF7,AF3,AFz,F1,F5,FT7,FC3,C1,C5,TP7,CP3,P1,PO7,PO3,POz,PO4,PO8,P6,P2,CPz,CP4,TP8,C6,C2,FC4,FT8,F6,AF8,AF4,F2,FCz
Fp1,0.0425531914893617,0.0,0.0,0.0,0.0,0.0,0.047872340425531915,0.0,0.047872340425531915,0.0,0.0425531914893617,0.0,0.0,0.047872340425531915,0.047872340425531915,0.047872340425531915,0.0,0.047872340425531915,0.047872340425531915,0.0,0.0,0.0,0.02127659574468085,0.0,0.0,0.0,0.0,0.0,0.0,0.03723404255319149,0.0,0.0425531914893617,0.047872340425531915,0.0,0.031914893617021274,0.0,0.0,0.0,0.0,0.0,0.047872340425531915,0.0,0.0,0.0,0.0,0.0,0.0,0.0,0.0,0.047872340425531915,0.0,0.047872340425531915,0.0,0.0425531914893617,0.047872340425531915,0.0425531914893617,0.047872340425531915,0.0,0.0,0.0,0.0,0.026595744680851064,0.047872340425531915
Fz,0.0,0.040993071593533485,0.03695150115473441,0.0,0.0,0.04157043879907621,0.0,0.028290993071593534,0.0,0.04157043879907621,0.0,0.0,0.0,0.0,0.0,0.0,0.04157043879907621,0.0,0.0,0.008083140877598153,0.0,0.03868360277136259,0.0,0.03233256351039261,0.03233256351039261,0.040993071593533485,0.04157043879907621,0.04157043879907621,0.04157043879907621,0.0,0.03810623556581986,0.0,0.0,0.04157043879907621,0.0,0.0,0.0,0.0,0.03521939953810624,0.0,0.0,0.04157043879907621,0.04157043879907621,0.03695150115473441,0.04157043879907621,0.04157043879907621,0.0,0.0,0.040993071593533485,0.0,0.04157043879907621,0.0,0.04157043879907621,0.0,0.0,0.0,0.0,0.0,0.020785219399538105,0.028868360277136258,0.0,0.0,0.0
F3,0.0,0.038084246970571264,0.06693594922100404,0.0,0.0,0.03923831506058857,0.0,0.030005770340450086,0.012117714945181766,0.03923831506058857,0.0,0.0,0.0,0.0,0.0,0.0,0.03923831506058857,0.0,0.0,0.008078476630121177,0.0,0.03923831506058857,0.0,0.03346797461050202,0.03231390652048471,0.03923831506058857,0.03923831506058857,0.03923831506058857,0.03750721292556261,0.0,0.03923831506058857,0.0,0.0,0.03923831506058857,0.0,0.0,0.0,0.0,0.031159838430467397,0.0,0.0,0.03923831506058857,0.03923831506058857,0.0363531448355453,0.03750721292556261,0.03923831506058857,0.0,0.0,0.03866128101557992,0.0,0.03923831506058857,0.0,0.03923831506058857,0.0,0.0,0.0,0.0,0.0,0.01788805539526832,0.030582804385458743,0.0,0.0,0.0
F7,0.0,0.0,0.0,0.0,0.0,0.0,0.0,0.0,0.0,0.0,0.0,0.0,0.0,0.0,0.0,0.0,0.0,0.0,0.0,0.0,0.0,0.0,0.0,0.0,0.0,0.0,0.0,0.0,0.0,0.0,0.0,0.0,0.0,0.0,0.0,0.0,0.0,0.0,0.0,0.0,0.0,0.0,0.0,0.0,0.0,0.0,0.0,0.0,0.0,0.0,0.0,0.0,0.0,0.0,0.0,0.0,0.0,0.0,0.0,0.0,0.0,0.0,0.0
FT9,0.0,0.0,0.0,0.0,0.0,0.0,0.0,0.0,0.0,0.0,0.0,0.0,0.0,0.0,0.0,0.0,0.0,0.0,0.0,0.0,0.0,0.0,0.0,0.0,0.0,0.0,0.0,0.0,0.0,0.0,0.0,0.0,0.0,0.0,0.0,0.0,0.0,0.0,0.0,0.0,0.0,0.0,0.0,0.0,0.0,0.0,0.0,0.0,0.0,0.0,0.0,0.0,0.0,0.0,0.0,0.0,0.0,0.0,0.0,0.0,0.0,0.0,0.0
FC5,0.0,0.03313391624482283,0.031293143120110445,0.0,0.0,0.05568338702254947,0.0,0.02577082374597331,0.0,0.03819604233778187,0.0,0.0,0.0,0.0,0.0,0.0,0.04878048780487805,0.0,0.0,0.006442705936493327,0.0,0.034974689369535204,0.0,0.026691210308329497,0.02577082374597331,0.0354348826507133,0.054302807179015186,0.05246203405430281,0.03313391624482283,0.0,0.034974689369535204,0.0,0.0,0.03727565577542568,0.0,0.0,0.0,0.0,0.038656235618959964,0.0050621260929590425,0.0,0.03773584905660377,0.038656235618959964,0.02945236999539807,0.03405430280717901,0.035895075931891396,0.0,0.0,0.05154164749194662,0.0,0.04601932811780948,0.0,0.05476300046019328,0.0,0.0,0.0,0.0,0.0,0.026231017027151405,0.02761159687068569,0.0,0.0,0.0
FC1,0.007759456838021339,0.0,0.0,0.0,0.0,0.0,0.12997090203685743,0.0,0.012609117361784675,0.0,0.028128031037827354,0.0,0.0,0.1309408341416101,0.011639185257032008,0.058195926285160036,0.0,0.0446168768186227,0.0504364694471387,0.0,0.0,0.0,0.0038797284190106693,0.0,0.0,0.0,0.0,0.0,0.0,0.03976721629485936,0.0,0.007759456838021339,0.0533462657613967,0.0,0.005819592628516004,0.0,0.0,0.0,0.0,0.0,0.049466537342386034,0.0,0.0,0.0,0.0,0.0,0.0,0.0,0.0,0.09699321047526673,0.0,0.01066925315227934,0.0,0.007759456838021339,0.055286129970902036,0.03976721629485936,0.0533462657613967,0.0,0.0,0.0,0.0,0.03491755577109602,0.06692531522793405
C3,0.0,0.0373900293255132,0.039589442815249266,0.0,0.0,0.04105571847507331,0.0,0.04032258064516129,0.0,0.04105571847507331,0.0,0.0,0.0,0.0,0.0,0.0,0.04032258064516129,0.0,0.0,0.008797653958944282,0.0,0.04105571847507331,0.0,0.03812316715542522,0.036656891495601175,0.04105571847507331,0.04105571847507331,0.04105571847507331,0.036656891495601175,0.0,0.04105571847507331,0.0,0.0,0.04105571847507331,0.0,0.0,0.0,0.0,0.028592375366568914,0.0,0.0,0.04032258064516129,0.04105571847507331,0.03519061583577713,0.036656891495601175,0.039589442815249266,0.0,0.0,0.03812316715542522,0.0,0.04032258064516129,0.0,0.04105571847507331,0.0,0.0,0.0,0.0,0.0,0.011730205278592375,0.04105571847507331,0.0,0.0,0.0
T7,0.025236593059936908,0.0,0.07255520504731862,0.0,0.0,0.0,0.04416403785488959,0.0,0.22712933753943218,0.0,0.025236593059936908,0.0,0.0,0.04416403785488959,0.03785488958990536,0.04416403785488959,0.0,0.028391167192429023,0.03470031545741325,0.0,0.0,0.0,0.012618296529968454,0.0,0.0,0.0,0.0,0.0,0.0,0.022082018927444796,0.0,0.025236593059936908,0.03470031545741325,0.0,0.01892744479495268,0.0,0.0,0.0,0.0,0.0,0.04100946372239748,0.0,0.0,0.0,0.0,0.0,0.0,0.0,0.0,0.04100946372239748,0.0,0.03470031545741325,0.0,0.025236593059936908,0.03785488958990536,0.025236593059936908,0.04100946372239748,0.0,0.0,0.0,0.0,0.015772870662460567,0.04100946372239748
TP9,0.0,0.038359083644112946,0.036228023441662226,0.0,0.0,0.043153969099627064,0.0,0.02983484283431007,0.0,0.04368673415023974,0.0,0.0,0.0,0.0,0.0,0.0,0.042621204049014386,0.0,0.0,0.007458710708577517,0.0,0.038891848694725624,0.0,0.03090037293553543,0.02983484283431007,0.041022908897176344,0.04421949920085243,0.04368673415023974,0.038359083644112946,0.0,0.03942461374533831,0.0,0.0,0.043153969099627064,0.0,0.0,0.0,0.0,0.034096963239211506,0.0,0.0,0.042621204049014386,0.04208843899840171,0.034096963239211506,0.03995737879595099,0.04155567394778902,0.0,0.0,0.038891848694725624,0.0,0.042621204049014386,0.0,0.043153969099627064,0.0,0.0,0.0,0.0,0.0,0.019179541822056473,0.03090037293553543,0.0,0.0,0.0
CP5,0.009696969696969697,0.0,0.0,0.0,0.0,0.0,0.03878787878787879,0.0,0.01090909090909091,0.0,0.06666666666666667,0.0,0.0,0.06909090909090909,0.01090909090909091,0.055757575757575756,0.0,0.05818181818181818,0.06787878787878789,0.0,0.0,0.0,0.0048484848484848485,0.0,0.0,0.0,0.0,0.0,0.0,0.059393939393939395,0.0,0.009696969696969697,0.06909090909090909,0.0,0.007272727272727273,0.0,0.0,0.0,0.0,0.0,0.06545454545454546,0.0,0.0,0.0,0.0,0.0,0.0,0.0,0.0,0.06909090909090909,0.0,0.01090909090909091,0.0,0.009696969696969697,0.06909090909090909,0.05333333333333334,0.06545454545454546,0.0,0.0,0.0,0.0,0.05818181818181818,0.06060606060606061
CP1,0.0,0.0,0.0,0.0,0.0,0.0,0.0,0.0,0.0,0.0,0.0,0.0,0.0,0.0,0.0,0.0,0.0,0.0,0.0,0.0,0.0,0.0,0.0,0.0,0.0,0.0,0.0,0.0,0.0,0.0,0.0,0.0,0.0,0.0,0.0,0.0,0.0,0.0,0.0,0.0,0.0,0.0,0.0,0.0,0.0,0.0,0.0,0.0,0.0,0.0,0.0,0.0,0.0,0.0,0.0,0.0,0.0,0.0,0.0,0.0,0.0,0.0,0.0
Pz,0.0,0.0,0.0,0.0,0.0,0.0,0.0,0.0,0.0,0.0,0.0,0.0,0.0,0.0,0.0,0.0,0.0,0.0,0.0,0.0,0.0,0.0,0.0,0.0,0.0,0.0,0.0,0.0,0.0,0.0,0.0,0.0,0.0,0.0,0.0,0.0,0.0,0.0,0.0,0.0,0.0,0.0,0.0,0.0,0.0,0.0,0.0,0.0,0.0,0.0,0.0,0.0,0.0,0.0,0.0,0.0,0.0,0.0,0.0,0.0,0.0,0.0,0.0
P3,0.005621925509486999,0.0,0.0,0.0,0.0,0.0,0.09557273366127898,0.0,0.009135628952916374,0.0,0.03935347856640899,0.0,0.0,0.16444132115249474,0.008432888264230498,0.05270555165144062,0.0,0.04427266338721012,0.054111033028812365,0.0,0.0,0.0,0.0028109627547434997,0.0,0.0,0.0,0.0,0.0,0.0,0.04286718200983837,0.0014054813773717498,0.005621925509486999,0.05762473647224174,0.0,0.004216444132115249,0.0,0.0,0.0,0.0,0.0,0.05200281096275474,0.0,0.0,0.0,0.0,0.0,0.0,0.0,0.0,0.09135628952916373,0.0,0.007730147575544624,0.0,0.005621925509486999,0.059030217849613494,0.03865073787772312,0.054813773717498245,0.0,0.0,0.0007027406886858749,0.0,0.04005621925509487,0.06184118060435699
P7,0.024844720496894408,0.0,0.0,0.0,0.0,0.0,0.040372670807453416,0.0,0.040372670807453416,0.0,0.024844720496894408,0.0,0.0,0.040372670807453416,0.2826086956521739,0.040372670807453416,0.0,0.027950310559006212,0.034161490683229816,0.0,0.0,0.0,0.012422360248447204,0.0,0.0,0.0,0.0,0.0,0.0,0.021739130434782608,0.0,0.024844720496894408,0.034161490683229816,0.0,0.018633540372670808,0.0,0.0,0.0,0.0,0.0,0.040372670807453416,0.0,0.034161490683229816,0.0,0.0,0.0,0.0,0.0,0.0,0.040372670807453416,0.0,0.034161490683229816,0.0,0.024844720496894408,0.037267080745341616,0.024844720496894408,0.040372670807453416,0.0,0.0,0.0,0.0,0.015527950310559006,0.040372670807453416
O1,0.007759456838021339,0.0,0.0,0.0,0.0,0.0,0.06013579049466537,0.0,0.012609117361784675,0.0,0.041707080504364696,0.0,0.0,0.07371483996120272,0.011639185257032008,0.07177497575169738,0.0,0.058195926285160036,0.06401551891367604,0.0,0.0,0.0,0.0038797284190106693,0.0,0.0,0.0,0.0,0.0,0.0,0.0533462657613967,0.0,0.007759456838021339,0.06692531522793405,0.0,0.005819592628516004,0.0,0.0,0.0,0.0,0.0,0.06304558680892337,0.0,0.0,0.0,0.0,0.0,0.0,0.0,0.0,0.07080504364694472,0.0,0.01066925315227934,0.0,0.007759456838021339,0.06886517943743937,0.0533462657613967,0.06692531522793405,0.0,0.0,0.0,0.0,0.04849660523763336,0.07080504364694472
Oz,0.0,0.030573248407643312,0.028874734607218684,0.0,0.0,0.04331210191082802,0.0,0.022505307855626325,0.0,0.033121019108280254,0.0,0.0,0.0,0.0,0.0,0.0,0.05859872611464968,0.0,0.0,0.0059447983014862,0.0,0.04203821656050955,0.0,0.024628450106157114,0.0237791932059448,0.03184713375796178,0.05477707006369427,0.059447983014861996,0.030573248407643312,0.0,0.029723991507430998,0.0,0.0,0.033121019108280254,0.0,0.0,0.0,0.0,0.04670912951167728,0.015711252653927813,0.0,0.048407643312101914,0.044585987261146494,0.027176220806794056,0.03184713375796178,0.033121019108280254,0.0,0.0,0.04543524416135881,0.0,0.04883227176220807,0.0,0.0505307855626327,0.0,0.0,0.0,0.0,0.0,0.03184713375796178,0.022929936305732482,0.0,0.0,0.0
O2,0.008342022940563087,0.0,0.0,0.0,0.0,0.0,0.051094890510948905,0.0,0.010427528675703858,0.0,0.04692387904066736,0.0,0.0,0.0667361835245047,0.010427528675703858,0.06569343065693431,0.0,0.06465067778936393,0.0667361835245047,0.0,0.0,0.0,0.004171011470281543,0.0,0.0,0.0,0.0,0.0,0.0,0.05943691345151199,0.0,0.008342022940563087,0.0667361835245047,0.0,0.006256517205422315,0.0,0.0,0.0,0.0,0.0,0.0667361835245047,0.0,0.0,0.0,0.0,0.0,0.0,0.0,0.0,0.0667361835245047,0.0,0.010427528675703858,0.0,0.008342022940563087,0.0667361835245047,0.05735140771637122,0.0667361835245047,0.0,0.0,0.0,0.0,0.054223149113660066,0.0667361835245047
P4,0.007326007326007326,0.0,0.0,0.0,0.0,0.0,0.05036630036630037,0.0,0.01098901098901099,0.0,0.048534798534798536,0.0,0.0,0.07142857142857142,0.01098901098901099,0.06318681318681318,0.0,0.057692307692307696,0.0695970695970696,0.0,0.0,0.0,0.003663003663003663,0.0,0.0,0.0,0.0,0.0,0.0,0.055860805860805864,0.0,0.007326007326007326,0.07051282051282051,0.0,0.005494505494505495,0.0,0.0,0.0,0.0,0.0,0.06684981684981685,0.0,0.0,0.0,0.0,0.0,0.0,0.0,0.0,0.07142857142857142,0.0,0.010073260073260074,0.0,0.007326007326007326,0.07142857142857142,0.05036630036630037,0.07051282051282051,0.0,0.0,0.0,0.0,0.0521978021978022,0.06684981684981685
P8,0.0,0.03783783783783784,0.03783783783783784,0.0,0.0,0.03783783783783784,0.0,0.02702702702702703,0.0,0.03783783783783784,0.0,0.0,0.0,0.0,0.0,0.0,0.03783783783783784,0.0,0.0,0.03513513513513514,0.0,0.03783783783783784,0.0,0.03783783783783784,0.03783783783783784,0.03783783783783784,0.03783783783783784,0.03783783783783784,0.03783783783783784,0.0,0.03783783783783784,0.0,0.0,0.03783783783783784,0.0,0.0,0.0,0.0,0.03783783783783784,0.0,0.0,0.03783783783783784,0.03783783783783784,0.03783783783783784,0.03783783783783784,0.03783783783783784,0.0,0.0,0.03783783783783784,0.0,0.03783783783783784,0.0,0.03783783783783784,0.0,0.0,0.0,0.0,0.0,0.03783783783783784,0.02972972972972973,0.0,0.0,0.0
TP10,0.0,0.0,0.0,0.0,0.0,0.0,0.0,0.0,0.0,0.0,0.0,0.0,0.0,0.0,0.0,0.0,0.0,0.0,0.0,0.0,0.0,0.0,0.0,0.0,0.0,0.0,0.0,0.0,0.0,0.0,0.0,0.0,0.0,0.0,0.0,0.0,0.0,0.0,0.0,0.0,0.0,0.0,0.0,0.0,0.0,0.0,0.0,0.0,0.0,0.0,0.0,0.0,0.0,0.0,0.0,0.0,0.0,0.0,0.0,0.0,0.0,0.0,0.0
CP6,0.0,0.034023668639053255,0.03353057199211045,0.0,0.0,0.03648915187376726,0.0,0.026627218934911243,0.0,0.03599605522682446,0.0,0.0,0.0,0.0,0.0,0.0,0.04980276134122288,0.0,0.0,0.006903353057199211,0.0,0.04881656804733728,0.0,0.028599605522682446,0.027613412228796843,0.03599605522682446,0.04881656804733728,0.04980276134122288,0.03353057199211045,0.0,0.035009861932938854,0.0,0.0,0.03599605522682446,0.0,0.0,0.0,0.0,0.03895463510848126,0.013806706114398421,0.0,0.04980276134122288,0.04881656804733728,0.03155818540433925,0.03353057199211045,0.03550295857988166,0.0,0.0,0.03944773175542406,0.0,0.04437869822485207,0.0,0.042899408284023666,0.0,0.0,0.0,0.0,0.0,0.026627218934911243,0.027120315581854043,0.0,0.0,0.0
CP2,0.043859649122807015,0.0,0.0,0.0,0.0,0.0,0.043859649122807015,0.0,0.043859649122807015,0.0,0.043859649122807015,0.0,0.0,0.043859649122807015,0.043859649122807015,0.043859649122807015,0.0,0.043859649122807015,0.043859649122807015,0.0,0.0,0.0,0.03508771929824561,0.0,0.0,0.0,0.0,0.0,0.0,0.043859649122807015,0.0,0.043859649122807015,0.043859649122807015,0.0,0.043859649122807015,0.0,0.0,0.0,0.0,0.0,0.043859649122807015,0.0,0.0,0.0,0.0,0.0,0.0,0.0,0.0,0.043859649122807015,0.0,0.043859649122807015,0.0,0.043859649122807015,0.043859649122807015,0.043859649122807015,0.043859649122807015,0.0,0.0,0.0,0.0,0.043859649122807015,0.043859649122807015
Cz,0.0,0.03994490358126722,0.03994490358126722,0.0,0.0,0.03994490358126722,0.0,0.03443526170798898,0.0,0.03994490358126722,0.0,0.0,0.0,0.0,0.0,0.0,0.03994490358126722,0.0,0.0,0.009641873278236915,0.0,0.03994490358126722,0.0,0.03925619834710744,0.03856749311294766,0.03994490358126722,0.03994490358126722,0.03994490358126722,0.03925619834710744,0.0,0.03994490358126722,0.0,0.0,0.03994490358126722,0.0,0.0,0.0,0.0,0.03168044077134986,0.0,0.0,0.03994490358126722,0.03994490358126722,0.03787878787878788,0.03925619834710744,0.03994490358126722,0.0,0.0,0.03994490358126722,0.0,0.03994490358126722,0.0,0.03994490358126722,0.0,0.0,0.0,0.0,0.0,0.01584022038567493,0.03512396694214876,0.0,0.0,0.0
C4,0.0,0.0397444996451384,0.0397444996451384,0.0,0.0,0.0397444996451384,0.0,0.034066713981547196,0.0,0.0397444996451384,0.0,0.0,0.0,0.0,0.0,0.0,0.0397444996451384,0.0,0.0,0.0099361249112846,0.0,0.0397444996451384,0.0,0.03903477643718949,0.03903477643718949,0.0397444996451384,0.0397444996451384,0.0397444996451384,0.0397444996451384,0.0,0.0397444996451384,0.0,0.0,0.0397444996451384,0.0,0.0,0.0,0.0,0.032647267565649396,0.0,0.0,0.0397444996451384,0.0397444996451384,0.03903477643718949,0.0397444996451384,0.0397444996451384,0.0,0.0,0.0397444996451384,0.0,0.0397444996451384,0.0,0.0397444996451384,0.0,0.0,0.0,0.0,0.0,0.016323633782824698,0.0347764371894961,0.0,0.0,0.0
T8,0.0,0.03956043956043956,0.03736263736263736,0.0,0.0,0.04230769230769231,0.0,0.02967032967032967,0.0,0.04230769230769231,0.0,0.0,0.0,0.0,0.0,0.0,0.04230769230769231,0.0,0.0,0.007692307692307693,0.0,0.03956043956043956,0.0,0.031868131868131866,0.03076923076923077,0.041758241758241756,0.04230769230769231,0.04230769230769231,0.03956043956043956,0.0,0.03901098901098901,0.0,0.0,0.04230769230769231,0.0,0.0,0.0,0.0,0.033516483516483515,0.0,0.0,0.04230769230769231,0.04230769230769231,0.035164835164835165,0.03956043956043956,0.041758241758241756,0.0,0.0,0.04010989010989011,0.0,0.04230769230769231,0.0,0.04230769230769231,0.0,0.0,0.0,0.0,0.0,0.01978021978021978,0.03021978021978022,0.0,0.0,0.0
FT10,0.0,0.029887920298879204,0.028227480282274803,0.0,0.0,0.047322540473225407,0.0,0.023246160232461604,0.0,0.034454130344541305,0.0,0.0,0.0,0.0,0.0,0.0,0.05520963055209631,0.0,0.0,0.005811540058115401,0.0,0.04192611041926111,0.0,0.024076380240763803,0.023246160232461604,0.0319634703196347,0.058530510585305104,0.058530510585305104,0.029887920298879204,0.0,0.031133250311332503,0.0,0.0,0.033623910336239106,0.0,0.0,0.0,0.0,0.044001660440016604,0.014943960149439602,0.0,0.0452469904524699,0.0448318804483188,0.026567040265670402,0.031133250311332503,0.0323785803237858,0.0,0.0,0.047322540473225407,0.0,0.048152760481527605,0.0,0.052718970527189705,0.0,0.0,0.0,0.0,0.0,0.031133250311332503,0.024491490244914902,0.0,0.0,0.0
FC6,0.0,0.029788994621431527,0.02813405047579644,0.0,0.0,0.045510964004964835,0.0,0.022755482002482418,0.0,0.033098882912701695,0.0,0.0,0.0,0.0,0.0,0.0,0.05792304509722797,0.0,0.0,0.005792304509722797,0.0,0.041787339677285894,0.0,0.02399669011170873,0.023169218038891187,0.031857674803475386,0.05668183698800165,0.06247414149772445,0.029788994621431527,0.0,0.029788994621431527,0.0,0.0,0.033098882912701695,0.0,0.0,0.0,0.0,0.045924700041373605,0.015308233347124535,0.0,0.04757964418700869,0.04426975589573852,0.026479106330161355,0.03103020273065784,0.032271410839884156,0.0,0.0,0.046752172114191144,0.0,0.04799338022341746,0.0,0.05254447662391394,0.0,0.0,0.0,0.0,0.0,0.03103020273065784,0.023169218038891187,0.0,0.0,0.0
FC2,0.0,0.04067402672864614,0.03660662405578152,0.0,0.0,0.041836141778036025,0.0,0.02789076118535735,0.0,0.041836141778036025,0.0,0.0,0.0,0.0,0.0,0.0,0.041836141778036025,0.0,0.0,0.008134805345729227,0.0,0.03834979662986636,0.0,0.031958163858221963,0.031958163858221963,0.04067402672864614,0.041836141778036025,0.041836141778036025,0.04125508425334108,0.0,0.03776873910517141,0.0,0.0,0.041836141778036025,0.0,0.0,0.0,0.0,0.03602556653108658,0.0,0.0,0.041836141778036025,0.04125508425334108,0.037187681580476466,0.041836141778036025,0.041836141778036025,0.0,0.0,0.04067402672864614,0.0,0.041836141778036025,0.0,0.041836141778036025,0.0,0.0,0.0,0.0,0.0,0.020918070889018012,0.028471818710052294,0.0,0.0,0.0
F4,0.008565310492505354,0.0,0.0,0.0,0.0,0.0,0.047109207708779445,0.0,0.008565310492505354,0.0,0.05139186295503212,0.0,0.0,0.06638115631691649,0.008565310492505354,0.06209850107066381,0.0,0.06423982869379015,0.06638115631691649,0.0,0.0,0.0,0.004282655246252677,0.0,0.0,0.0,0.0,0.0,0.0,0.06423982869379015,0.0,0.008565310492505354,0.06638115631691649,0.0,0.006423982869379015,0.0,0.0,0.0,0.0,0.0,0.06638115631691649,0.0,0.0,0.0,0.0,0.0,0.0,0.0,0.0,0.06638115631691649,0.0,0.008565310492505354,0.0,0.008565310492505354,0.06638115631691649,0.058886509635974305,0.06638115631691649,0.0,0.0,0.0,0.0,0.058886509635974305,0.06638115631691649
F8,0.0,0.03830985915492958,0.03830985915492958,0.0,0.0,0.043943661971830986,0.0,0.031549295774647886,0.0,0.0428169014084507,0.0,0.0,0.0,0.0,0.0,0.0,0.04056338028169014,0.0,0.0,0.007887323943661971,0.0,0.04112676056338028,0.0,0.03267605633802817,0.031549295774647886,0.04112676056338028,0.04338028169014085,0.041690140845070424,0.03774647887323944,0.0,0.043943661971830986,0.0,0.0,0.041690140845070424,0.0,0.0,0.0,0.0,0.031549295774647886,0.0,0.0,0.04056338028169014,0.041690140845070424,0.036056338028169016,0.03774647887323944,0.04,0.0,0.0,0.038873239436619716,0.0,0.04056338028169014,0.0,0.04112676056338028,0.0,0.0,0.0,0.0,0.0,0.018591549295774647,0.03492957746478873,0.0,0.0,0.0
Fp2,0.0425531914893617,0.0,0.0,0.0,0.0,0.0,0.047872340425531915,0.0,0.047872340425531915,0.0,0.0425531914893617,0.0,0.0,0.047872340425531915,0.047872340425531915,0.047872340425531915,0.0,0.047872340425531915,0.047872340425531915,0.0,0.0,0.0,0.02127659574468085,0.0,0.0,0.0,0.0,0.0,0.0,0.03723404255319149,0.0,0.0425531914893617,0.047872340425531915,0.0,0.031914893617021274,0.0,0.0,0.0,0.0,0.0,0.047872340425531915,0.0,0.0,0.0,0.0,0.0,0.0,0.0,0.0,0.047872340425531915,0.0,0.047872340425531915,0.0,0.0425531914893617,0.047872340425531915,0.0425531914893617,0.047872340425531915,0.0,0.0,0.0,0.0,0.026595744680851064,0.047872340425531915
AF7,0.006956521739130435,0.0,0.0,0.0,0.0,0.0,0.050434782608695654,0.0,0.010434782608695653,0.0,0.04869565217391304,0.0,0.0,0.07391304347826087,0.010434782608695653,0.06260869565217392,0.0,0.05478260869565217,0.06695652173913043,0.0,0.0,0.0,0.0034782608695652175,0.0,0.0,0.0,0.0,0.0,0.0,0.05304347826086957,0.0,0.006956521739130435,0.08260869565217391,0.0,0.0052173913043478265,0.0,0.0,0.0,0.0008695652173913044,0.0,0.06347826086956522,0.0,0.0,0.0,0.0,0.0,0.0,0.0,0.0,0.07739130434782608,0.0,0.009565217391304347,0.0,0.006956521739130435,0.07478260869565218,0.04782608695652174,0.06695652173913043,0.0,0.0,0.0,0.0,0.049565217391304345,0.06608695652173913
AF3,0.0,0.03864734299516908,0.03650026838432636,0.0,0.0,0.042404723564143855,0.0,0.029522275899087493,0.0,0.04294149221685454,0.0,0.0,0.0,0.0,0.0,0.0,0.04294149221685454,0.0,0.0,0.007514761137949544,0.0,0.039184111647879764,0.0,0.031132581857219538,0.030059044551798177,0.041331186258722494,0.043478260869565216,0.043478260869565216,0.03864734299516908,0.0,0.03864734299516908,0.0,0.0,0.04294149221685454,0.0,0.0,0.0,0.0,0.03435319377348363,0.0,0.0,0.04294149221685454,0.04186795491143317,0.03435319377348363,0.040257648953301126,0.04186795491143317,0.0,0.0,0.039184111647879764,0.0,0.04294149221685454,0.0,0.043478260869565216,0.0,0.0,0.0,0.0,0.0,0.01932367149758454,0.030059044551798177,0.0,0.0,0.0
AFz,0.04516129032258064,0.0,0.0,0.0,0.0,0.0,0.04516129032258064,0.0,0.04516129032258064,0.0,0.04516129032258064,0.0,0.0,0.04516129032258064,0.04516129032258064,0.04516129032258064,0.0,0.04516129032258064,0.04516129032258064,0.0,0.0,0.0,0.025806451612903226,0.0,0.0,0.0,0.0,0.0,0.0,0.04516129032258064,0.0,0.04516129032258064,0.04516129032258064,0.0,0.03870967741935484,0.0,0.0,0.0,0.0,0.0,0.04516129032258064,0.0,0.0,0.0,0.0,0.0,0.0,0.0,0.0,0.04516129032258064,0.0,0.04516129032258064,0.0,0.04516129032258064,0.04516129032258064,0.04516129032258064,0.04516129032258064,0.0,0.0,0.0,0.0,0.03225806451612903,0.04516129032258064
F1,0.0,0.0,0.0,0.0,0.0,0.0,0.0,0.0,0.0,0.0,0.0,0.0,0.0,0.0,0.0,0.0,0.0,0.0,0.0,0.0,0.0,0.0,0.0,0.0,0.0,0.0,0.0,0.0,0.0,0.0,0.0,0.0,0.0,0.0,0.0,0.0,0.0,0.0,0.0,0.0,0.0,0.0,0.0,0.0,0.0,0.0,0.0,0.0,0.0,0.0,0.0,0.0,0.0,0.0,0.0,0.0,0.0,0.0,0.0,0.0,0.0,0.0,0.0
F5,0.0,0.0,0.0,0.0,0.0,0.0,0.0,0.0,0.0,0.0,0.0,0.0,0.0,0.0,0.0,0.0,0.0,0.0,0.0,0.0,0.0,0.0,0.0,0.0,0.0,0.0,0.0,0.0,0.0,0.0,0.0,0.0,0.0,0.0,0.0,0.0,0.0,0.0,0.0,0.0,0.0,0.0,0.0,0.0,0.0,0.0,0.0,0.0,0.0,0.0,0.0,0.0,0.0,0.0,0.0,0.0,0.0,0.0,0.0,0.0,0.0,0.0,0.0
FT7,0.0,0.0,0.0,0.0,0.0,0.0,0.0,0.0,0.0,0.0,0.0,0.0,0.0,0.0,0.0,0.0,0.0,0.0,0.0,0.0,0.0,0.0,0.0,0.0,0.0,0.0,0.0,0.0,0.0,0.0,0.0,0.0,0.0,0.0,0.0,0.0,0.0,0.0,0.0,0.0,0.0,0.0,0.0,0.0,0.0,0.0,0.0,0.0,0.0,0.0,0.0,0.0,0.0,0.0,0.0,0.0,0.0,0.0,0.0,0.0,0.0,0.0,0.0
FC3,0.0,0.030697190426638918,0.027055150884495317,0.0,0.0,0.04162330905306972,0.0,0.019250780437044746,0.0,0.03225806451612903,0.0,0.0,0.0,0.0,0.0,0.0,0.05619146722164412,0.0,0.0,0.007284079084287201,0.0,0.041103017689906346,0.0,0.022892819979188347,0.022892819979188347,0.030697190426638918,0.054110301768990635,0.056711758584807495,0.031217481789802288,0.0,0.02809573361082206,0.0,0.0015608740894901144,0.03225806451612903,0.0,0.0,0.0,0.0,0.057752341311134235,0.01664932362122789,0.0,0.046826222684703434,0.044745057232049947,0.02809573361082206,0.032778355879292405,0.03225806451612903,0.0,0.0,0.04526534859521332,0.0,0.05098855359001041,0.0,0.050468262226847034,0.0,0.0,0.0,0.0,0.0,0.03850156087408949,0.019771071800208116,0.0,0.0,0.0
C1,0.0,0.0,0.0,0.0,0.0,0.024793388429752067,0.0,0.0,0.0,0.0,0.0,0.0,0.0,0.0,0.0,0.0,0.10192837465564739,0.0,0.0,0.0,0.0,0.07713498622589532,0.0,0.0,0.0,0.0,0.09366391184573003,0.10192837465564739,0.0,0.0,0.0,0.0,0.0,0.0,0.0,0.0,0.0,0.0,0.08264462809917356,0.09917355371900827,0.0,0.08264462809917356,0.07988980716253444,0.0,0.0,0.0,0.0,0.0,0.049586776859504134,0.0,0.06887052341597796,0.0,0.06060606060606061,0.0,0.0,0.0,0.0,0.0,0.07713498622589532,0.0,0.0,0.0,0.0
C5,0.007525870178739417,0.0,0.0,0.0,0.0,0.0,0.05079962370649106,0.0,0.012229539040451553,0.0,0.04797742238946378,0.0,0.0,0.07055503292568203,0.011288805268109126,0.06396989651928504,0.0,0.059266227657572904,0.06773283160865474,0.0,0.0,0.0,0.0037629350893697085,0.0,0.0,0.0,0.0,0.0,0.0,0.05738476011288805,0.0,0.007525870178739417,0.06773283160865474,0.0,0.005644402634054563,0.0,0.0,0.0,0.0,0.0,0.06867356538099718,0.0,0.0,0.0,0.0,0.0,0.0,0.0,0.0,0.06961429915333961,0.0,0.010348071495766699,0.0,0.007525870178739417,0.06867356538099718,0.05174035747883349,0.06961429915333961,0.0,0.0,0.0,0.0,0.053621825023518345,0.06679209783631232
TP7,0.0,0.03350395532805956,0.0316426244765007,0.0,0.0,0.03629595160539786,0.0,0.024662633783154957,0.0,0.03629595160539786,0.0,0.0,0.0,0.0,0.0,0.0,0.05304792926942764,0.0,0.0,0.006514657980456026,0.0,0.04560260586319218,0.0,0.026989297347603535,0.026058631921824105,0.03489995346672871,0.048859934853420196,0.05351326198231736,0.03350395532805956,0.0,0.03257328990228013,0.0,0.0,0.03629595160539786,0.0,0.0,0.0,0.0,0.041879944160074456,0.013029315960912053,0.0,0.0577012563983248,0.04746393671475105,0.029781293624941835,0.03489995346672871,0.03629595160539786,0.0,0.0,0.03862261516984644,0.0,0.04467194043741275,0.0,0.044206607724523034,0.0,0.0,0.0,0.0,0.0,0.026058631921824105,0.025127966496044672,0.0,0.0,0.0
CP3,0.0,0.03272727272727273,0.03090909090909091,0.0,0.0,0.03727272727272727,0.0,0.025,0.0,0.03590909090909091,0.0,0.0,0.0,0.0,0.005,0.0,0.04863636363636364,0.0,0.0,0.006363636363636364,0.0,0.045909090909090906,0.0,0.026363636363636363,0.025454545454545455,0.035,0.04863636363636364,0.04909090909090909,0.03272727272727273,0.0,0.03272727272727273,0.0,0.0,0.03590909090909091,0.0,0.0,0.0,0.0,0.03909090909090909,0.013181818181818182,0.0,0.04818181818181818,0.07090909090909091,0.02909090909090909,0.03318181818181818,0.035,0.0,0.0,0.038636363636363635,0.0,0.04409090909090909,0.0,0.04318181818181818,0.0,0.0,0.0,0.0,0.0,0.026363636363636363,0.025454545454545455,0.0,0.0,0.0
P1,0.0,0.040583386176284084,0.03868103994927077,0.0,0.0,0.040583386176284084,0.0,0.029169308814204185,0.0,0.040583386176284084,0.0,0.0,0.0,0.0,0.0,0.0,0.040583386176284084,0.0,0.0,0.008877615726062143,0.0,0.040583386176284084,0.0,0.033608116677235254,0.033608116677235254,0.040583386176284084,0.040583386176284084,0.040583386176284084,0.040583386176284084,0.0,0.039949270767279645,0.0,0.0,0.040583386176284084,0.0,0.0,0.0,0.0,0.03551046290424857,0.0,0.0,0.040583386176284084,0.040583386176284084,0.039949270767279645,0.040583386176284084,0.040583386176284084,0.0,0.0,0.040583386176284084,0.0,0.040583386176284084,0.0,0.040583386176284084,0.0,0.0,0.0,0.0,0.0,0.02092580849714648,0.029803424223208624,0.0,0.0,0.0
PO7,0.0,0.04011461318051576,0.03610315186246418,0.0,0.0,0.04126074498567335,0.0,0.027507163323782235,0.0,0.04183381088825215,0.0,0.0,0.0,0.0,0.0,0.0,0.04297994269340974,0.0,0.0,0.008022922636103151,0.0,0.03782234957020057,0.0,0.03151862464183381,0.03151862464183381,0.04011461318051576,0.042406876790830945,0.04297994269340974,0.040687679083094556,0.0,0.03724928366762178,0.0,0.0,0.04183381088825215,0.0,0.0,0.0,0.0,0.03724928366762178,0.0,0.0,0.04297994269340974,0.040687679083094556,0.03667621776504298,0.042406876790830945,0.04183381088825215,0.0,0.0,0.04011461318051576,0.0,0.042406876790830945,0.0,0.04297994269340974,0.0,0.0,0.0,0.0,0.0,0.020630372492836675,0.028080229226361032,0.0,0.0,0.0
PO3,0.0,0.03958218801539307,0.036833424958768554,0.0,0.0,0.04178119846069269,0.0,0.028587135788894998,0.0,0.04233095107201759,0.0,0.0,0.0,0.0,0.0,0.0,0.04288070368334249,0.0,0.0,0.007696536558548653,0.0,0.038482682792743264,0.0,0.03188565145684442,0.030786146234194612,0.04068169323804288,0.04288070368334249,0.04288070368334249,0.03958218801539307,0.0,0.03793293018141836,0.0,0.0,0.04233095107201759,0.0,0.0,0.0,0.0,0.035184167124793844,0.0,0.0,0.04288070368334249,0.04123144584936778,0.035184167124793844,0.04123144584936778,0.04233095107201759,0.0,0.0,0.040131940626717974,0.0,0.04288070368334249,0.0,0.04288070368334249,0.0,0.0,0.0,0.0,0.0,0.019791094007696537,0.029136888400219902,0.0,0.0,0.0
POz,0.0,0.0,0.0,0.0,0.0,0.0,0.0,0.0,0.0,0.0,0.0,0.0,0.0,0.0,0.0,0.0,0.0,0.0,0.0,0.0,0.0,0.0,0.0,0.0,0.0,0.0,0.0,0.0,0.0,0.0,0.0,0.0,0.0,0.0,0.0,0.0,0.0,0.0,0.0,0.0,0.0,0.0,0.0,0.0,0.0,0.0,1.0,0.0,0.0,0.0,0.0,0.0,0.0,0.0,0.0,0.0,0.0,0.0,0.0,0.0,0.0,0.0,0.0
PO4,0.0,0.0,0.0,0.0,0.0,0.0,0.0,0.0,0.0,0.0,0.0,0.0,0.0,0.0,0.0,0.0,0.0,0.0,0.0,0.0,0.0,0.0,0.0,0.0,0.0,0.0,0.0,0.0,0.0,0.0,0.0,0.0,0.0,0.0,0.0,0.0,0.0,0.0,0.0,0.0,0.0,0.0,0.0,0.0,0.0,0.0,0.0,0.0,0.0,0.0,0.0,0.0,0.0,0.0,0.0,0.0,0.0,0.0,0.0,0.0,0.0,0.0,0.0
PO8,0.0,0.032359550561797755,0.029213483146067417,0.0,0.0,0.050337078651685394,0.0,0.02247191011235955,0.0,0.03280898876404494,0.0,0.0,0.0,0.0,0.0,0.0,0.048988764044943824,0.0,0.0,0.006292134831460674,0.0,0.035955056179775284,0.0,0.025617977528089888,0.025168539325842697,0.032359550561797755,0.05213483146067416,0.051685393258426963,0.032359550561797755,0.0,0.0301123595505618,0.0,0.0,0.03280898876404494,0.0,0.0,0.0,0.0,0.04089887640449438,0.008988764044943821,0.0,0.038202247191011236,0.03910112359550562,0.028764044943820226,0.032359550561797755,0.03280898876404494,0.0,0.0,0.08494382022471911,0.0,0.04629213483146068,0.0,0.05438202247191011,0.0,0.0,0.0,0.0,0.0,0.029662921348314608,0.02292134831460674,0.0,0.0,0.0
P6,0.0061396776669224865,0.0,0.0,0.0,0.0,0.0,0.08058326937835764,0.0,0.009976976208749041,0.0,0.042977743668457406,0.0,0.0,0.10360706062931696,0.00920951650038373,0.056792018419033,0.0,0.04834996162701458,0.059094397544128936,0.0,0.0,0.0,0.0030698388334612432,0.0,0.0,0.0,0.0,0.0,0.0,0.04681504221028396,0.0,0.0061396776669224865,0.06600153491941672,0.0,0.004604758250191865,0.0,0.0,0.0,0.0,0.0,0.056792018419033,0.0,0.0,0.0,0.0,0.0,0.0,0.0,0.0,0.10590943975441289,0.0,0.00844205679201842,0.0,0.0061396776669224865,0.06600153491941672,0.0422102839600921,0.059861857252494245,0.0,0.0,0.0,0.0,0.043745203376822715,0.06753645433614736
P2,0.0,0.03241782980639352,0.03061683926159388,0.0,0.0,0.04322377307519135,0.0,0.023863124718595228,0.0,0.035119315623592974,0.0,0.0,0.0,0.0,0.0,0.0,0.05222872579918955,0.0,0.0,0.006303466906798739,0.0,0.040522287257991896,0.0,0.026114362899594776,0.025213867627194957,0.03376857271499325,0.051778478162989645,0.05222872579918955,0.03241782980639352,0.0,0.0315173345339937,0.0,0.0,0.035119315623592974,0.0,0.0,0.0,0.0,0.045475011256190905,0.012156686177397569,0.0,0.044574515983791085,0.043674020711391266,0.028815848716794237,0.03376857271499325,0.035119315623592974,0.0,0.0,0.045475011256190905,0.0,0.05132823052678973,0.0,0.05042773525438991,0.0,0.0,0.0,0.0,0.0,0.03241782980639352,0.024313372354795137,0.0,0.0,0.0
CPz,0.03571428571428571,0.0,0.0,0.0,0.0,0.0,0.05357142857142857,0.0,0.05357142857142857,0.0,0.03571428571428571,0.0,0.0,0.05357142857142857,0.05357142857142857,0.05357142857142857,0.0,0.04017857142857143,0.049107142857142856,0.0,0.0,0.0,0.017857142857142856,0.0,0.0,0.0,0.0,0.0,0.0,0.03125,0.0,0.03571428571428571,0.049107142857142856,0.0,0.026785714285714284,0.0,0.0,0.0,0.0,0.0,0.05357142857142857,0.0,0.0,0.0,0.0,0.0,0.0,0.0,0.0,0.05357142857142857,0.0,0.049107142857142856,0.0,0.03571428571428571,0.05357142857142857,0.03571428571428571,0.05357142857142857,0.0,0.0,0.0,0.0,0.022321428571428572,0.05357142857142857
CP4,0.0,0.031209362808842653,0.029475509319462505,0.0,0.0,0.04984828781967924,0.0,0.02340702210663199,0.0,0.03424360641525791,0.0,0.0,0.0,0.0,0.0,0.0,0.053315994798439535,0.0,0.0,0.006068487212830516,0.0,0.03814477676636324,0.0,0.025140875596012136,0.024273948851322065,0.0329432162982228,0.055049848287819676,0.055916775032509754,0.031209362808842653,0.0,0.030775899436497615,0.0,0.0,0.03424360641525791,0.0,0.0,0.0,0.0,0.043779800606848725,0.010403120936280884,0.0,0.04291287386215865,0.0411790203727785,0.027741655830082357,0.032509752925877766,0.033810143042912875,0.0,0.0,0.05158214130905939,0.0,0.0494148244473342,0.0,0.05721716514954486,0.0,0.0,0.0,0.0,0.0,0.03034243606415258,0.023840485478977026,0.0,0.0,0.0
TP8,0.0425531914893617,0.0,0.0,0.0,0.0,0.0,0.047872340425531915,0.0,0.047872340425531915,0.0,0.0425531914893617,0.0,0.0,0.047872340425531915,0.047872340425531915,0.047872340425531915,0.0,0.047872340425531915,0.047872340425531915,0.0,0.0,0.0,0.02127659574468085,0.0,0.0,0.0,0.0,0.0,0.0,0.03723404255319149,0.0,0.0425531914893617,0.047872340425531915,0.0,0.031914893617021274,0.0,0.0,0.0,0.0,0.0,0.047872340425531915,0.0,0.0,0.0,0.0,0.0,0.0,0.0,0.0,0.047872340425531915,0.0,0.047872340425531915,0.0,0.0425531914893617,0.047872340425531915,0.0425531914893617,0.047872340425531915,0.0,0.0,0.0,0.0,0.026595744680851064,0.047872340425531915
C6,0.006993006993006993,0.0,0.0,0.0,0.0,0.0,0.05244755244755245,0.0,0.011363636363636364,0.0,0.04895104895104895,0.0,0.0,0.07604895104895106,0.01048951048951049,0.06381118881118882,0.0,0.05506993006993007,0.0673076923076923,0.0,0.0,0.0,0.0034965034965034965,0.0,0.0,0.0,0.0,0.0,0.0,0.05332167832167832,0.0,0.006993006993006993,0.07255244755244755,0.0,0.005244755244755245,0.0,0.0,0.0,0.0,0.0,0.06468531468531469,0.0,0.0,0.0,0.0,0.0,0.0,0.0,0.0,0.07604895104895106,0.0,0.009615384615384616,0.0,0.006993006993006993,0.0743006993006993,0.04807692307692308,0.06818181818181818,0.0,0.0,0.0,0.0,0.049825174825174824,0.06818181818181818
C2,0.009259259259259259,0.0,0.0,0.0,0.0,0.0,0.05092592592592592,0.0,0.010416666666666666,0.0,0.04861111111111111,0.0,0.0,0.06481481481481481,0.010416666666666666,0.06481481481481481,0.0,0.06481481481481481,0.06481481481481481,0.0,0.0,0.0,0.004629629629629629,0.0,0.0,0.0,0.0,0.0,0.0,0.0625,0.0,0.009259259259259259,0.06481481481481481,0.0,0.006944444444444444,0.0,0.0,0.0,0.0,0.0,0.06481481481481481,0.0,0.0,0.0,0.0,0.0,0.0,0.0,0.0,0.06481481481481481,0.0,0.010416666666666666,0.0,0.009259259259259259,0.06481481481481481,0.0625,0.06481481481481481,0.0,0.0,0.0,0.0,0.056712962962962965,0.06481481481481481
FC4,0.0072992700729927005,0.0,0.0,0.0,0.0,0.0,0.05291970802919708,0.0,0.011861313868613138,0.0,0.046532846715328466,0.0,0.0,0.07208029197080291,0.010948905109489052,0.06569343065693431,0.0,0.05748175182481752,0.06751824817518248,0.0,0.0,0.0,0.0036496350364963502,0.0,0.0,0.0,0.0,0.0,0.0,0.055656934306569344,0.0,0.0072992700729927005,0.06934306569343066,0.0,0.005474452554744526,0.0,0.0,0.0,0.0,0.0,0.0666058394160584,0.0,0.0,0.0,0.0,0.0,0.0,0.0,0.0,0.07116788321167883,0.0,0.010036496350364963,0.0,0.0072992700729927005,0.07025547445255474,0.05018248175182482,0.07025547445255474,0.0,0.0,0.0,0.0,0.05200729927007299,0.06843065693430657
FT8,0.0,0.0,0.0,0.0,0.0,0.0,0.0,0.0,0.0,0.0,0.0,0.0,0.0,0.0,0.0,0.0,0.0,0.0,0.0,0.0,0.0,0.0,0.0,0.0,0.0,0.0,0.0,0.0,0.0,0.0,0.0,0.0,0.0,0.0,0.0,0.0,0.0,0.0,0.0,0.0,0.0,0.0,0.0,0.0,0.0,0.0,0.0,0.0,0.0,0.0,0.0,0.0,0.0,0.0,0.0,0.0,0.0,0.0,0.0,0.0,0.0,0.0,0.0
F6,0.0,0.028548770816812053,0.022997620935765267,0.0,0.0,0.04361617763679619,0.0,0.011102299762093577,0.0,0.028548770816812053,0.0,0.0,0.0,0.0,0.0,0.0,0.05947660586835844,0.0,0.0,0.011102299762093577,0.0,0.04282315622521808,0.0,0.016653449643140365,0.016653449643140365,0.028548770816812053,0.05947660586835844,0.05947660586835844,0.028548770816812053,0.0,0.02458366375892149,0.0,0.0,0.028548770816812053,0.0,0.0,0.0,0.0,0.05947660586835844,0.023790642347343377,0.0,0.045995241871530534,0.047581284694686754,0.02458366375892149,0.028548770816812053,0.028548770816812053,0.0,0.0,0.05075337034099921,0.0,0.056304520222045996,0.0,0.05392545598731166,0.0,0.0,0.0,0.0,0.0,0.05789056304520222,0.011895321173671689,0.0,0.0,0.0
AF8,0.0,0.03674911660777385,0.038869257950530034,0.0,0.0,0.04381625441696113,0.0,0.039575971731448764,0.0,0.04240282685512368,0.0,0.0,0.0,0.0,0.0,0.0,0.039575971731448764,0.0,0.0,0.009187279151943463,0.0,0.040282685512367494,0.0,0.03745583038869258,0.03604240282685512,0.040282685512367494,0.0431095406360424,0.04098939929328622,0.03604240282685512,0.0,0.04381625441696113,0.0,0.0,0.04098939929328622,0.0,0.0,0.0,0.0,0.028268551236749116,0.0,0.0,0.039575971731448764,0.04098939929328622,0.03462897526501767,0.03604240282685512,0.038869257950530034,0.0,0.0,0.03745583038869258,0.0,0.039575971731448764,0.0,0.040282685512367494,0.0,0.0,0.0,0.0,0.0,0.012014134275618375,0.0431095406360424,0.0,0.0,0.0
AF4,0.0,0.0,0.0,0.0,0.0,0.0,0.0,0.0,0.0,0.0,0.0,0.0,0.0,0.0,0.0,0.0,0.0,0.0,0.0,0.0,0.0,0.0,0.0,0.0,0.0,0.0,0.0,0.0,0.0,0.0,0.0,0.0,0.0,0.0,0.0,0.0,0.0,0.0,0.0,0.0,0.0,0.0,0.0,0.0,0.0,0.0,0.0,0.0,0.0,0.0,0.0,0.0,0.0,0.0,0.0,0.0,0.0,0.0,0.0,0.0,0.0,0.0,0.0
F2,0.006904487917146145,0.0,0.0,0.0,0.0,0.0,0.04487917146144994,0.0,0.006904487917146145,0.0,0.05408515535097814,0.0,0.0,0.0667433831990794,0.006904487917146145,0.06098964326812428,0.0,0.06329113924050633,0.0667433831990794,0.0,0.0,0.0,0.004602991944764097,0.0,0.0,0.0,0.0,0.0,0.0,0.0667433831990794,0.0,0.006904487917146145,0.0667433831990794,0.0,0.006904487917146145,0.0,0.0,0.0,0.0,0.0,0.0667433831990794,0.0,0.0,0.0,0.0,0.0,0.0,0.0,0.0,0.0667433831990794,0.0,0.006904487917146145,0.0,0.006904487917146145,0.0667433831990794,0.05983889528193326,0.0667433831990794,0.0,0.0,0.0,0.0,0.06444188722669736,0.06559263521288838
FCz,0.007155635062611807,0.0,0.0,0.0,0.0,0.0,0.06440071556350627,0.0,0.011627906976744186,0.0,0.04203935599284436,0.0,0.0,0.07960644007155634,0.01073345259391771,0.06618962432915922,0.0,0.05635062611806798,0.0626118067978533,0.0,0.0,0.0,0.0035778175313059034,0.0,0.0,0.0,0.0,0.0,0.0,0.052772808586762074,0.0,0.007155635062611807,0.06529516994633273,0.0,0.005366726296958855,0.0,0.0,0.0,0.0,0.0,0.061717352415026835,0.0,0.0,0.0,0.0,0.0,0.0,0.0,0.0,0.07871198568872988,0.0,0.009838998211091235,0.0,0.007155635062611807,0.06708407871198568,0.049194991055456175,0.06529516994633273,0.0,0.0,0.0,0.0,0.04830053667262969,0.0778175313059034
