,Fp1,Fz,F3,F7,FT9,FC5,FC1,C3,T7,TP9,CP5,Pz,P3,P7,O1,Oz,O2,P4,P8,TP10,CP6,CP2,Cz,C4,T8,FT10,FC6,FC2,F4,F8,Fp2,AF7,AF3,AFz,F1,F5,FT7,FC3,C1,C5,TP7,CP3,P1,PO7,PO3,POz,PO4,PO8,P6,P2,CPz,CP4,TP8,C6,C2,FC4,FT8,F6,AF8,AF4,F2,FCz
Fp1,0.04712041884816754,0.0,0.020942408376963352,0.005235602094240838,0.0,0.020942408376963352,0.015706806282722512,0.015706806282722512,0.015706806282722512,0.020942408376963352,0.020942408376963352,0.020942408376963352,0.020942408376963352,0.02617801047120419,0.020942408376963352,0.02617801047120419,0.020942408376963352,0.015706806282722512,0.020942408376963352,0.020942408376963352,0.010471204188481676,0.005235602094240838,0.020942408376963352,0.020942408376963352,0.0,0.010471204188481676,0.020942408376963352,0.020942408376963352,0.0,0.0,0.031413612565445025,0.031413612565445025,0.020942408376963352,0.020942408376963352,0.020942408376963352,0.020942408376963352,0.0,0.020942408376963352,0.020942408376963352,0.0,0.020942408376963352,0.0,0.015706806282722512,0.020942408376963352,0.015706806282722512,0.020942408376963352,0.015706806282722512,0.0,0.0,0.020942408376963352,0.0,0.015706806282722512,0.020942408376963352,0.031413612565445025,0.0,0.010471204188481676,0.020942408376963352,0.020942408376963352,0.020942408376963352,0.020942408376963352,0.020942408376963352,0.010471204188481676
Fz,0.004132231404958678,0.04132231404958678,0.045454545454545456,0.04338842975206612,0.03305785123966942,0.0,0.045454545454545456,0.012396694214876033,0.045454545454545456,0.0,0.0,0.0,0.0,0.03512396694214876,0.0,0.028925619834710745,0.0,0.0,0.0,0.0,0.04338842975206612,0.0,0.04132231404958678,0.0,0.0,0.0,0.0,0.045454545454545456,0.010330578512396695,0.006198347107438017,0.04132231404958678,0.04338842975206612,0.004132231404958678,0.0,0.0,0.0,0.0,0.045454545454545456,0.0,0.0,0.045454545454545456,0.01859504132231405,0.0,0.0,0.045454545454545456,0.0,0.04338842975206612,0.028925619834710745,0.0,0.0,0.01859504132231405,0.04132231404958678,0.0371900826446281,0.045454545454545456,0.01652892561983471,0.030991735537190084,0.0,0.012396694214876033,0.0,0.0,0.0,0.0
F3,0.011406844106463879,0.03612167300380228,0.045627376425855515,0.03802281368821293,0.028517110266159697,0.0,0.043726235741444866,0.015209125475285171,0.043726235741444866,0.0,0.0,0.0,0.0,0.039923954372623575,0.0,0.034220532319391636,0.0,0.0,0.0,0.0,0.039923954372623575,0.0,0.043726235741444866,0.0,0.0,0.0,0.0,0.045627376425855515,0.0076045627376425855,0.0038022813688212928,0.04752851711026616,0.04752851711026616,0.0019011406844106464,0.0,0.0,0.0,0.0,0.04752851711026616,0.0,0.0,0.045627376425855515,0.015209125475285171,0.0,0.0,0.043726235741444866,0.0,0.04182509505703422,0.024714828897338403,0.0,0.0,0.015209125475285171,0.04182509505703422,0.039923954372623575,0.049429657794676805,0.013307984790874524,0.030418250950570342,0.0,0.017110266159695818,0.0,0.0,0.0,0.0
F7,0.005940594059405941,0.039603960396039604,0.04554455445544554,0.041584158415841586,0.031683168316831684,0.0,0.04554455445544554,0.013861386138613862,0.04554455445544554,0.0,0.0,0.0,0.0,0.03564356435643564,0.0,0.0297029702970297,0.0,0.0,0.0,0.0,0.04356435643564356,0.0,0.041584158415841586,0.0,0.0,0.0,0.0,0.04554455445544554,0.009900990099009901,0.005940594059405941,0.041584158415841586,0.04356435643564356,0.0039603960396039604,0.0,0.0,0.0,0.0,0.04554455445544554,0.0,0.0,0.04554455445544554,0.01782178217821782,0.0,0.0,0.04554455445544554,0.0,0.04356435643564356,0.027722772277227723,0.0,0.0,0.01782178217821782,0.041584158415841586,0.03762376237623762,0.04554455445544554,0.015841584158415842,0.031683168316831684,0.0,0.013861386138613862,0.0,0.0,0.0,0.0
FT9,0.002512562814070352,0.04271356783919598,0.04271356783919598,0.04271356783919598,0.03768844221105527,0.0,0.04271356783919598,0.01256281407035176,0.04271356783919598,0.0,0.0,0.0,0.0,0.035175879396984924,0.0,0.03015075376884422,0.0,0.0,0.0,0.0,0.04271356783919598,0.0,0.04020100502512563,0.0,0.0,0.0,0.0,0.04271356783919598,0.01256281407035176,0.007537688442211055,0.03768844221105527,0.04020100502512563,0.005025125628140704,0.0,0.0,0.0,0.0,0.04271356783919598,0.0,0.0,0.04271356783919598,0.022613065326633167,0.0,0.0,0.04271356783919598,0.0,0.04271356783919598,0.035175879396984924,0.0,0.0,0.022613065326633167,0.04020100502512563,0.03768844221105527,0.04271356783919598,0.020100502512562814,0.035175879396984924,0.0,0.01256281407035176,0.0,0.0,0.0,0.0
FC5,0.007042253521126761,0.0,0.0,0.0,0.0,0.046948356807511735,0.0,0.0,0.0,0.0539906103286385,0.0539906103286385,0.046948356807511735,0.009389671361502348,0.0,0.0539906103286385,0.0,0.0539906103286385,0.007042253521126761,0.0539906103286385,0.0539906103286385,0.0,0.002347417840375587,0.0,0.03051643192488263,0.0,0.004694835680751174,0.03755868544600939,0.0,0.004694835680751174,0.004694835680751174,0.0,0.0,0.03286384976525822,0.051643192488262914,0.018779342723004695,0.0539906103286385,0.0,0.0,0.046948356807511735,0.0,0.0,0.0,0.007042253521126761,0.0539906103286385,0.0,0.051643192488262914,0.0,0.0,0.0,0.04225352112676056,0.0,0.0,0.0,0.0,0.0,0.0,0.03051643192488263,0.0,0.0539906103286385,0.009389671361502348,0.01643192488262911,0.004694835680751174
FC1,0.009615384615384616,0.03653846153846154,0.046153846153846156,0.038461538461538464,0.028846153846153848,0.0,0.04423076923076923,0.015384615384615385,0.04423076923076923,0.0,0.0,0.0,0.0,0.038461538461538464,0.0,0.032692307692307694,0.0,0.0,0.0,0.0,0.04038461538461539,0.0,0.04423076923076923,0.0,0.0,0.0,0.0,0.046153846153846156,0.007692307692307693,0.0038461538461538464,0.046153846153846156,0.046153846153846156,0.0019230769230769232,0.0,0.0,0.0,0.0,0.04807692307692308,0.0,0.0,0.046153846153846156,0.015384615384615385,0.0,0.0,0.04423076923076923,0.0,0.04230769230769231,0.025,0.0,0.0,0.015384615384615385,0.04230769230769231,0.04038461538461539,0.04807692307692308,0.013461538461538462,0.03076923076923077,0.0,0.01730769230769231,0.0,0.0,0.0,0.0
C3,0.028735632183908046,0.022988505747126436,0.04597701149425287,0.028735632183908046,0.017241379310344827,0.0,0.040229885057471264,0.040229885057471264,0.040229885057471264,0.0,0.0,0.0,0.0,0.04597701149425287,0.0,0.04597701149425287,0.0,0.0,0.0,0.0,0.034482758620689655,0.0,0.04597701149425287,0.0,0.0,0.0,0.0,0.04597701149425287,0.0,0.0,0.04597701149425287,0.04597701149425287,0.0,0.0,0.0,0.0,0.0,0.04597701149425287,0.0,0.0,0.04597701149425287,0.011494252873563218,0.0,0.0,0.040229885057471264,0.0,0.040229885057471264,0.011494252873563218,0.0,0.0,0.011494252873563218,0.040229885057471264,0.04597701149425287,0.04597701149425287,0.005747126436781609,0.034482758620689655,0.0,0.04597701149425287,0.0,0.0,0.0,0.0
T7,0.008756567425569177,0.03502626970227671,0.043782837127845885,0.03677758318739054,0.028021015761821366,0.0,0.04203152364273205,0.014010507880910683,0.050788091068301226,0.0,0.0,0.0,0.0,0.03502626970227671,0.0,0.0297723292469352,0.0,0.0,0.0,0.0,0.03852889667250438,0.0,0.040280210157618214,0.0,0.0,0.0,0.0,0.050788091068301226,0.008756567425569177,0.005253940455341506,0.050788091068301226,0.050788091068301226,0.0035026269702276708,0.0,0.0,0.0,0.0,0.05604203152364273,0.0,0.0,0.043782837127845885,0.01576182136602452,0.0,0.0,0.04203152364273205,0.0,0.040280210157618214,0.024518388791593695,0.0,0.0,0.01576182136602452,0.03852889667250438,0.03677758318739054,0.05604203152364273,0.014010507880910683,0.028021015761821366,0.0,0.01576182136602452,0.0,0.0,0.0,0.0
TP9,0.005545286506469501,0.0018484288354898336,0.0,0.0018484288354898336,0.0018484288354898336,0.04066543438077634,0.0,0.0,0.0018484288354898336,0.059149722735674676,0.059149722735674676,0.04251386321626617,0.0073937153419593345,0.0,0.05730129390018484,0.0,0.06099815157116451,0.005545286506469501,0.06469500924214418,0.06099815157116451,0.0,0.0018484288354898336,0.0,0.024029574861367836,0.0,0.0036968576709796672,0.031423290203327174,0.0,0.005545286506469501,0.005545286506469501,0.0,0.0,0.027726432532347505,0.051756007393715345,0.014787430683918669,0.06284658040665435,0.0,0.0018484288354898336,0.04066543438077634,0.0,0.0,0.0,0.005545286506469501,0.06284658040665435,0.0,0.053604436229205174,0.0,0.0018484288354898336,0.0,0.033271719038817,0.0,0.0,0.0,0.0,0.0018484288354898336,0.0,0.024029574861367836,0.0,0.04990757855822551,0.0073937153419593345,0.012939001848428836,0.0036968576709796672
CP5,0.005545286506469501,0.0018484288354898336,0.0,0.0018484288354898336,0.0018484288354898336,0.04066543438077634,0.0,0.0,0.0018484288354898336,0.059149722735674676,0.059149722735674676,0.04251386321626617,0.0073937153419593345,0.0,0.05730129390018484,0.0,0.06099815157116451,0.005545286506469501,0.06469500924214418,0.06099815157116451,0.0,0.0018484288354898336,0.0,0.024029574861367836,0.0,0.0036968576709796672,0.031423290203327174,0.0,0.005545286506469501,0.005545286506469501,0.0,0.0,0.027726432532347505,0.051756007393715345,0.014787430683918669,0.06284658040665435,0.0,0.0018484288354898336,0.04066543438077634,0.0,0.0,0.0,0.005545286506469501,0.06284658040665435,0.0,0.053604436229205174,0.0,0.0018484288354898336,0.0,0.033271719038817,0.0,0.0,0.0,0.0,0.0018484288354898336,0.0,0.024029574861367836,0.0,0.04990757855822551,0.0073937153419593345,0.012939001848428836,0.0036968576709796672
Pz,0.006818181818181818,0.0,0.0,0.0,0.0,0.04772727272727273,0.0,0.0,0.0,0.05454545454545454,0.05454545454545454,0.04772727272727273,0.00909090909090909,0.0,0.05454545454545454,0.0,0.05454545454545454,0.006818181818181818,0.05454545454545454,0.05454545454545454,0.0,0.0022727272727272726,0.0,0.029545454545454545,0.0,0.004545454545454545,0.03636363636363636,0.0,0.004545454545454545,0.004545454545454545,0.0,0.0,0.031818181818181815,0.05227272727272727,0.01818181818181818,0.05454545454545454,0.0,0.0,0.04772727272727273,0.0,0.0,0.0,0.006818181818181818,0.05454545454545454,0.0,0.05227272727272727,0.0,0.0,0.0,0.04090909090909091,0.0,0.0,0.0,0.0,0.0,0.0,0.029545454545454545,0.0,0.05454545454545454,0.00909090909090909,0.015909090909090907,0.004545454545454545
P3,0.023622047244094488,0.0,0.0,0.0,0.0,0.03937007874015748,0.0,0.0,0.0,0.03937007874015748,0.03937007874015748,0.03937007874015748,0.031496062992125984,0.0,0.03937007874015748,0.0,0.03937007874015748,0.023622047244094488,0.03937007874015748,0.03937007874015748,0.0,0.007874015748031496,0.0,0.03937007874015748,0.0,0.015748031496062992,0.03937007874015748,0.0,0.007874015748031496,0.007874015748031496,0.0,0.0,0.03937007874015748,0.03937007874015748,0.031496062992125984,0.03937007874015748,0.0,0.0,0.03937007874015748,0.0,0.0,0.0,0.023622047244094488,0.03937007874015748,0.0,0.03937007874015748,0.0,0.0,0.0,0.03937007874015748,0.0,0.0,0.0,0.0,0.0,0.0,0.03937007874015748,0.0,0.03937007874015748,0.031496062992125984,0.031496062992125984,0.015748031496062992
P7,0.01643192488262911,0.035211267605633804,0.04460093896713615,0.03755868544600939,0.028169014084507043,0.0,0.04225352112676056,0.018779342723004695,0.04225352112676056,0.0,0.0,0.0,0.0,0.04460093896713615,0.0,0.04225352112676056,0.0,0.0,0.0,0.0,0.03990610328638498,0.0,0.04460093896713615,0.0,0.0,0.0,0.0,0.04460093896713615,0.002347417840375587,0.0,0.04929577464788732,0.04929577464788732,0.0,0.0,0.0,0.0,0.0,0.04460093896713615,0.0,0.0,0.04460093896713615,0.011737089201877934,0.0,0.0,0.04225352112676056,0.0,0.04225352112676056,0.023474178403755867,0.0,0.0,0.011737089201877934,0.04225352112676056,0.04225352112676056,0.04929577464788732,0.009389671361502348,0.03286384976525822,0.0,0.02112676056338028,0.0,0.0,0.0,0.0
O1,0.0056925996204933585,0.0018975332068311196,0.0,0.0018975332068311196,0.0018975332068311196,0.04174573055028463,0.0,0.0,0.0018975332068311196,0.058823529411764705,0.058823529411764705,0.04174573055028463,0.007590132827324478,0.0,0.056925996204933584,0.0,0.06072106261859583,0.0056925996204933585,0.06261859582542695,0.06072106261859583,0.0,0.0018975332068311196,0.0,0.024667931688804556,0.0,0.003795066413662239,0.03225806451612903,0.0,0.0056925996204933585,0.0056925996204933585,0.0,0.0,0.028462998102466792,0.051233396584440226,0.015180265654648957,0.06261859582542695,0.0,0.0018975332068311196,0.04174573055028463,0.0,0.0,0.0,0.0056925996204933585,0.06072106261859583,0.0,0.05313092979127135,0.0,0.0018975332068311196,0.0,0.03415559772296015,0.0,0.0,0.0,0.0,0.0018975332068311196,0.0,0.024667931688804556,0.0,0.04933586337760911,0.007590132827324478,0.013282732447817837,0.003795066413662239
Oz,0.019230769230769232,0.03296703296703297,0.04395604395604396,0.03571428571428571,0.027472527472527472,0.0,0.04120879120879121,0.02197802197802198,0.04120879120879121,0.0,0.0,0.0,0.0,0.046703296703296704,0.0,0.04395604395604396,0.0,0.0,0.0,0.0,0.038461538461538464,0.0,0.04395604395604396,0.0,0.0,0.0,0.0,0.04395604395604396,0.0,0.0,0.04945054945054945,0.04945054945054945,0.0,0.0,0.0,0.0,0.0,0.04395604395604396,0.0,0.0,0.04395604395604396,0.01098901098901099,0.0,0.0,0.04120879120879121,0.0,0.04120879120879121,0.024725274725274724,0.0,0.0,0.01098901098901099,0.04120879120879121,0.04395604395604396,0.04945054945054945,0.008241758241758242,0.03571428571428571,0.0,0.024725274725274724,0.0,0.0,0.0,0.0
O2,0.005434782608695652,0.0018115942028985507,0.0,0.0018115942028985507,0.0018115942028985507,0.03985507246376811,0.0,0.0,0.0018115942028985507,0.059782608695652176,0.059782608695652176,0.041666666666666664,0.007246376811594203,0.0,0.057971014492753624,0.0,0.06159420289855073,0.005434782608695652,0.06702898550724638,0.06159420289855073,0.0,0.0018115942028985507,0.0,0.02355072463768116,0.0,0.0036231884057971015,0.030797101449275364,0.0,0.005434782608695652,0.005434782608695652,0.0,0.0,0.02717391304347826,0.050724637681159424,0.014492753623188406,0.06340579710144928,0.0,0.0018115942028985507,0.03985507246376811,0.0,0.0,0.0,0.005434782608695652,0.06521739130434782,0.0,0.05434782608695652,0.0,0.0018115942028985507,0.0,0.03260869565217391,0.0,0.0,0.0,0.0,0.0018115942028985507,0.0,0.02355072463768116,0.0,0.04891304347826087,0.007246376811594203,0.012681159420289856,0.0036231884057971015
P4,0.02830188679245283,0.0,0.0,0.0,0.0,0.03773584905660377,0.0,0.0,0.0,0.03773584905660377,0.03773584905660377,0.03773584905660377,0.03773584905660377,0.0,0.03773584905660377,0.0,0.03773584905660377,0.02830188679245283,0.03773584905660377,0.03773584905660377,0.0,0.009433962264150943,0.0,0.03773584905660377,0.0,0.018867924528301886,0.03773584905660377,0.0,0.0,0.0,0.0,0.0,0.03773584905660377,0.03773584905660377,0.03773584905660377,0.03773584905660377,0.0,0.0,0.03773584905660377,0.0,0.0,0.0,0.02830188679245283,0.03773584905660377,0.0,0.03773584905660377,0.0,0.0,0.0,0.03773584905660377,0.0,0.0,0.0,0.0,0.0,0.0,0.03773584905660377,0.0,0.03773584905660377,0.03773584905660377,0.03773584905660377,0.018867924528301886
P8,0.005190311418685121,0.0017301038062283738,0.0,0.0017301038062283738,0.0017301038062283738,0.03806228373702422,0.0,0.0,0.0017301038062283738,0.06055363321799308,0.06055363321799308,0.039792387543252594,0.006920415224913495,0.0,0.05709342560553633,0.0,0.06401384083044982,0.005190311418685121,0.0726643598615917,0.06055363321799308,0.0,0.0017301038062283738,0.0,0.02249134948096886,0.0,0.0034602076124567475,0.029411764705882353,0.0,0.005190311418685121,0.005190311418685121,0.0,0.0,0.025951557093425604,0.05190311418685121,0.01384083044982699,0.06401384083044982,0.0,0.0017301038062283738,0.03806228373702422,0.0,0.0,0.0,0.005190311418685121,0.07093425605536333,0.0,0.05536332179930796,0.0,0.0017301038062283738,0.0,0.031141868512110725,0.0,0.0,0.0,0.0,0.0017301038062283738,0.0,0.02249134948096886,0.0,0.04844290657439446,0.006920415224913495,0.012110726643598616,0.0034602076124567475
TP10,0.00546448087431694,0.0036429872495446266,0.0018214936247723133,0.0036429872495446266,0.0036429872495446266,0.04007285974499089,0.0018214936247723133,0.0,0.0036429872495446266,0.056466302367941715,0.056466302367941715,0.04007285974499089,0.007285974499089253,0.0,0.0546448087431694,0.0,0.058287795992714025,0.00546448087431694,0.061930783242258654,0.058287795992714025,0.0018214936247723133,0.0018214936247723133,0.0,0.023679417122040074,0.0,0.0036429872495446266,0.030965391621129327,0.0018214936247723133,0.007285974499089253,0.007285974499089253,0.0,0.0,0.029143897996357013,0.04918032786885246,0.014571948998178506,0.060109289617486336,0.0,0.0036429872495446266,0.04007285974499089,0.0,0.0018214936247723133,0.0018214936247723133,0.00546448087431694,0.060109289617486336,0.0018214936247723133,0.051001821493624776,0.0018214936247723133,0.0036429872495446266,0.0,0.03278688524590164,0.0018214936247723133,0.0,0.0,0.0018214936247723133,0.0036429872495446266,0.0,0.023679417122040074,0.0,0.04735883424408015,0.007285974499089253,0.012750455373406194,0.0036429872495446266
CP6,0.00823045267489712,0.037037037037037035,0.04526748971193416,0.03909465020576132,0.030864197530864196,0.0,0.04526748971193416,0.01646090534979424,0.04526748971193416,0.0,0.0,0.0,0.0,0.037037037037037035,0.0,0.03292181069958848,0.0,0.0,0.0,0.0,0.0411522633744856,0.0,0.043209876543209874,0.0,0.0,0.0,0.0,0.04526748971193416,0.00823045267489712,0.00411522633744856,0.043209876543209874,0.04526748971193416,0.00205761316872428,0.0,0.0,0.0,0.0,0.04526748971193416,0.0,0.0,0.04526748971193416,0.01646090534979424,0.0,0.0,0.04526748971193416,0.0,0.043209876543209874,0.026748971193415638,0.0,0.0,0.01646090534979424,0.043209876543209874,0.03909465020576132,0.04526748971193416,0.01440329218106996,0.03292181069958848,0.0,0.01646090534979424,0.0,0.0,0.0,0.0
CP2,0.03508771929824561,0.0,0.0,0.0,0.0,0.03508771929824561,0.0,0.0,0.0,0.03508771929824561,0.03508771929824561,0.03508771929824561,0.03508771929824561,0.0,0.03508771929824561,0.0,0.03508771929824561,0.03508771929824561,0.03508771929824561,0.03508771929824561,0.0,0.017543859649122806,0.0,0.03508771929824561,0.0,0.03508771929824561,0.03508771929824561,0.0,0.0,0.0,0.0,0.0,0.03508771929824561,0.03508771929824561,0.03508771929824561,0.03508771929824561,0.0,0.0,0.03508771929824561,0.0,0.0,0.0,0.03508771929824561,0.03508771929824561,0.0,0.03508771929824561,0.0,0.0,0.0,0.03508771929824561,0.0,0.0,0.0,0.0,0.0,0.0,0.03508771929824561,0.0,0.03508771929824561,0.03508771929824561,0.03508771929824561,0.03508771929824561
Cz,0.012448132780082987,0.035269709543568464,0.04564315352697095,0.03734439834024896,0.029045643153526972,0.0,0.043568464730290454,0.016597510373443983,0.043568464730290454,0.0,0.0,0.0,0.0,0.04149377593360996,0.0,0.03734439834024896,0.0,0.0,0.0,0.0,0.03941908713692946,0.0,0.043568464730290454,0.0,0.0,0.0,0.0,0.04564315352697095,0.006224066390041493,0.002074688796680498,0.04771784232365145,0.04771784232365145,0.0,0.0,0.0,0.0,0.0,0.04564315352697095,0.0,0.0,0.04564315352697095,0.014522821576763486,0.0,0.0,0.043568464730290454,0.0,0.04149377593360996,0.024896265560165973,0.0,0.0,0.014522821576763486,0.04149377593360996,0.04149377593360996,0.04771784232365145,0.012448132780082987,0.03319502074688797,0.0,0.01867219917012448,0.0,0.0,0.0,0.0
C4,0.010169491525423728,0.0,0.0,0.0,0.0,0.04406779661016949,0.0,0.0,0.0,0.04745762711864407,0.04745762711864407,0.04406779661016949,0.013559322033898305,0.0,0.04745762711864407,0.0,0.04745762711864407,0.010169491525423728,0.04745762711864407,0.04745762711864407,0.0,0.003389830508474576,0.0,0.04067796610169491,0.0,0.006779661016949152,0.04745762711864407,0.0,0.006779661016949152,0.006779661016949152,0.0,0.0,0.04067796610169491,0.04406779661016949,0.02711864406779661,0.04745762711864407,0.0,0.0,0.04406779661016949,0.0,0.0,0.0,0.010169491525423728,0.04745762711864407,0.0,0.04406779661016949,0.0,0.0,0.0,0.04406779661016949,0.0,0.0,0.0,0.0,0.0,0.0,0.04067796610169491,0.0,0.04745762711864407,0.013559322033898305,0.023728813559322035,0.006779661016949152
T8,0.0,0.0,0.0,0.0,0.0,0.0,0.0,0.0,0.0,0.0,0.0,0.0,0.0,0.0,0.0,0.0,0.0,0.0,0.0,0.0,0.0,0.0,0.0,0.0,0.0,0.0,0.0,0.0,0.0,0.0,0.0,0.0,0.0,0.0,0.0,0.0,0.0,0.0,0.0,0.0,0.0,0.0,0.0,0.0,0.0,0.0,0.0,0.0,0.0,0.0,0.0,0.0,0.0,0.0,0.0,0.0,0.0,0.0,0.0,0.0,0.0,0.0
FT10,0.03614457831325301,0.0,0.0,0.0,0.0,0.03614457831325301,0.0,0.0,0.0,0.03614457831325301,0.03614457831325301,0.03614457831325301,0.03614457831325301,0.0,0.03614457831325301,0.0,0.03614457831325301,0.03614457831325301,0.03614457831325301,0.03614457831325301,0.0,0.012048192771084338,0.0,0.03614457831325301,0.0,0.024096385542168676,0.03614457831325301,0.0,0.0,0.0,0.0,0.0,0.03614457831325301,0.03614457831325301,0.03614457831325301,0.03614457831325301,0.0,0.0,0.03614457831325301,0.0,0.0,0.0,0.03614457831325301,0.03614457831325301,0.0,0.03614457831325301,0.0,0.0,0.0,0.03614457831325301,0.0,0.0,0.0,0.0,0.0,0.0,0.03614457831325301,0.0,0.03614457831325301,0.03614457831325301,0.03614457831325301,0.024096385542168676
FC6,0.00847457627118644,0.002824858757062147,0.0,0.002824858757062147,0.002824858757062147,0.0423728813559322,0.0,0.0,0.002824858757062147,0.0480225988700565,0.0480225988700565,0.0423728813559322,0.011299435028248588,0.0,0.0480225988700565,0.0,0.0480225988700565,0.00847457627118644,0.0480225988700565,0.05084745762711865,0.0,0.002824858757062147,0.0,0.03672316384180791,0.0,0.005649717514124294,0.04519774011299435,0.0,0.00847457627118644,0.00847457627118644,0.0,0.0,0.0423728813559322,0.04519774011299435,0.022598870056497175,0.05084745762711865,0.0,0.002824858757062147,0.0423728813559322,0.0,0.0,0.0,0.00847457627118644,0.0480225988700565,0.0,0.04519774011299435,0.0,0.002824858757062147,0.0,0.0423728813559322,0.0,0.0,0.0,0.0,0.002824858757062147,0.0,0.03672316384180791,0.0,0.0480225988700565,0.011299435028248588,0.01977401129943503,0.005649717514124294
FC2,0.010810810810810811,0.03423423423423423,0.043243243243243246,0.036036036036036036,0.02702702702702703,0.0,0.04144144144144144,0.014414414414414415,0.05045045045045045,0.0,0.0,0.0,0.0,0.03783783783783784,0.0,0.032432432432432434,0.0,0.0,0.0,0.0,0.03783783783783784,0.0,0.04144144144144144,0.0,0.0,0.0,0.0,0.05045045045045045,0.007207207207207207,0.0036036036036036037,0.05405405405405406,0.05405405405405406,0.0018018018018018018,0.0,0.0,0.0,0.0,0.05405405405405406,0.0,0.0,0.043243243243243246,0.014414414414414415,0.0,0.0,0.04144144144144144,0.0,0.03963963963963964,0.023423423423423424,0.0,0.0,0.014414414414414415,0.03963963963963964,0.03783783783783784,0.055855855855855854,0.012612612612612612,0.02882882882882883,0.0,0.016216216216216217,0.0,0.0,0.0,0.0
F4,0.0,0.041176470588235294,0.03529411764705882,0.041176470588235294,0.041176470588235294,0.0,0.03529411764705882,0.0,0.041176470588235294,0.0058823529411764705,0.0058823529411764705,0.0,0.0,0.01764705882352941,0.0058823529411764705,0.011764705882352941,0.0058823529411764705,0.0,0.0058823529411764705,0.011764705882352941,0.03529411764705882,0.0,0.029411764705882353,0.0,0.0,0.0,0.0058823529411764705,0.03529411764705882,0.041176470588235294,0.029411764705882353,0.023529411764705882,0.029411764705882353,0.023529411764705882,0.0,0.0,0.011764705882352941,0.0,0.041176470588235294,0.0,0.0,0.03529411764705882,0.03529411764705882,0.0,0.0058823529411764705,0.03529411764705882,0.0,0.03529411764705882,0.041176470588235294,0.0,0.0,0.03529411764705882,0.029411764705882353,0.023529411764705882,0.03529411764705882,0.041176470588235294,0.023529411764705882,0.0058823529411764705,0.0,0.0058823529411764705,0.0,0.0,0.0
F8,0.0,0.04201680672268908,0.03361344537815126,0.04201680672268908,0.04201680672268908,0.0,0.03361344537815126,0.0,0.04201680672268908,0.008403361344537815,0.008403361344537815,0.0,0.0,0.008403361344537815,0.008403361344537815,0.0,0.008403361344537815,0.0,0.008403361344537815,0.01680672268907563,0.03361344537815126,0.0,0.025210084033613446,0.0,0.0,0.0,0.008403361344537815,0.03361344537815126,0.05042016806722689,0.04201680672268908,0.01680672268907563,0.025210084033613446,0.03361344537815126,0.0,0.0,0.01680672268907563,0.0,0.04201680672268908,0.0,0.0,0.03361344537815126,0.03361344537815126,0.0,0.008403361344537815,0.03361344537815126,0.0,0.03361344537815126,0.04201680672268908,0.0,0.0,0.03361344537815126,0.025210084033613446,0.01680672268907563,0.03361344537815126,0.04201680672268908,0.01680672268907563,0.008403361344537815,0.0,0.008403361344537815,0.0,0.0,0.0
Fp2,0.01348747591522158,0.03275529865125241,0.04238921001926782,0.03468208092485549,0.025048169556840076,0.0,0.04046242774566474,0.015414258188824663,0.05202312138728324,0.0,0.0,0.0,0.0,0.04046242774566474,0.0,0.03468208092485549,0.0,0.0,0.0,0.0,0.036608863198458574,0.0,0.04046242774566474,0.0,0.0,0.0,0.0,0.05202312138728324,0.0038535645472061657,0.0,0.05973025048169557,0.057803468208092484,0.0,0.0,0.0,0.0,0.0,0.057803468208092484,0.0,0.0,0.04238921001926782,0.011560693641618497,0.0,0.0,0.04046242774566474,0.0,0.038535645472061654,0.02119460500963391,0.0,0.0,0.011560693641618497,0.038535645472061654,0.038535645472061654,0.06165703275529865,0.009633911368015413,0.028901734104046242,0.0,0.017341040462427744,0.0,0.0,0.0,0.0
AF7,0.012867647058823529,0.03308823529411765,0.042279411764705885,0.034926470588235295,0.025735294117647058,0.0,0.04044117647058824,0.014705882352941176,0.051470588235294115,0.0,0.0,0.0,0.0,0.03860294117647059,0.0,0.03308823529411765,0.0,0.0,0.0,0.0,0.03676470588235294,0.0,0.04044117647058824,0.0,0.0,0.0,0.0,0.051470588235294115,0.0055147058823529415,0.001838235294117647,0.058823529411764705,0.05698529411764706,0.0,0.0,0.0,0.0,0.0,0.05698529411764706,0.0,0.0,0.042279411764705885,0.012867647058823529,0.0,0.0,0.04044117647058824,0.0,0.03860294117647059,0.022058823529411766,0.0,0.0,0.012867647058823529,0.03860294117647059,0.03860294117647059,0.06066176470588235,0.011029411764705883,0.029411764705882353,0.0,0.016544117647058824,0.0,0.0,0.0,0.0
AF3,0.007936507936507936,0.010582010582010581,0.007936507936507936,0.010582010582010581,0.010582010582010581,0.03439153439153439,0.007936507936507936,0.0,0.010582010582010581,0.037037037037037035,0.037037037037037035,0.03439153439153439,0.010582010582010581,0.0,0.037037037037037035,0.0,0.037037037037037035,0.007936507936507936,0.037037037037037035,0.03968253968253968,0.007936507936507936,0.0026455026455026454,0.005291005291005291,0.03439153439153439,0.0,0.005291005291005291,0.037037037037037035,0.007936507936507936,0.015873015873015872,0.015873015873015872,0.0026455026455026454,0.005291005291005291,0.042328042328042326,0.03439153439153439,0.021164021164021163,0.03968253968253968,0.0,0.010582010582010581,0.03439153439153439,0.0,0.007936507936507936,0.007936507936507936,0.007936507936507936,0.037037037037037035,0.007936507936507936,0.03439153439153439,0.007936507936507936,0.010582010582010581,0.0,0.03439153439153439,0.007936507936507936,0.005291005291005291,0.0026455026455026454,0.007936507936507936,0.010582010582010581,0.0026455026455026454,0.03439153439153439,0.0,0.037037037037037035,0.010582010582010581,0.018518518518518517,0.005291005291005291
AFz,0.005928853754940711,0.0,0.0,0.0,0.0,0.043478260869565216,0.0,0.0,0.0,0.05928853754940711,0.05928853754940711,0.045454545454545456,0.007905138339920948,0.0,0.05928853754940711,0.0,0.05928853754940711,0.005928853754940711,0.06126482213438735,0.05928853754940711,0.0,0.001976284584980237,0.0,0.025691699604743084,0.0,0.003952569169960474,0.03359683794466403,0.0,0.003952569169960474,0.003952569169960474,0.0,0.0,0.02766798418972332,0.0533596837944664,0.015810276679841896,0.05928853754940711,0.0,0.0,0.043478260869565216,0.0,0.0,0.0,0.005928853754940711,0.05928853754940711,0.0,0.05533596837944664,0.0,0.0,0.0,0.03557312252964427,0.0,0.0,0.0,0.0,0.0,0.0,0.025691699604743084,0.0,0.0533596837944664,0.007905138339920948,0.01383399209486166,0.003952569169960474
F1,0.014354066985645933,0.0,0.0,0.0,0.0,0.0430622009569378,0.0,0.0,0.0,0.0430622009569378,0.0430622009569378,0.0430622009569378,0.019138755980861243,0.0,0.0430622009569378,0.0,0.0430622009569378,0.014354066985645933,0.0430622009569378,0.0430622009569378,0.0,0.004784688995215311,0.0,0.0430622009569378,0.0,0.009569377990430622,0.0430622009569378,0.0,0.004784688995215311,0.004784688995215311,0.0,0.0,0.0430622009569378,0.0430622009569378,0.03349282296650718,0.0430622009569378,0.0,0.0,0.0430622009569378,0.0,0.0,0.0,0.014354066985645933,0.0430622009569378,0.0,0.0430622009569378,0.0,0.0,0.0,0.0430622009569378,0.0,0.0,0.0,0.0,0.0,0.0,0.0430622009569378,0.0,0.0430622009569378,0.019138755980861243,0.03349282296650718,0.009569377990430622
F5,0.005357142857142857,0.0035714285714285713,0.0017857142857142857,0.0035714285714285713,0.0035714285714285713,0.039285714285714285,0.0017857142857142857,0.0,0.0035714285714285713,0.05714285714285714,0.05714285714285714,0.039285714285714285,0.007142857142857143,0.0,0.055357142857142855,0.0,0.05892857142857143,0.005357142857142857,0.06428571428571428,0.05892857142857143,0.0017857142857142857,0.0017857142857142857,0.0,0.023214285714285715,0.0,0.0035714285714285713,0.030357142857142857,0.0017857142857142857,0.007142857142857143,0.007142857142857143,0.0,0.0,0.02857142857142857,0.048214285714285716,0.014285714285714285,0.060714285714285714,0.0,0.0035714285714285713,0.039285714285714285,0.0,0.0017857142857142857,0.0017857142857142857,0.005357142857142857,0.0625,0.0017857142857142857,0.05178571428571429,0.0017857142857142857,0.0035714285714285713,0.0,0.03214285714285714,0.0017857142857142857,0.0,0.0,0.0017857142857142857,0.0035714285714285713,0.0,0.023214285714285715,0.0,0.04642857142857143,0.007142857142857143,0.0125,0.0035714285714285713
FT7,0.0,0.0,0.0,0.0,0.0,0.0,0.0,0.0,0.0,0.0,0.0,0.0,0.0,0.0,0.0,0.0,0.0,0.0,0.0,0.0,0.0,0.0,0.0,0.0,0.0,0.0,0.0,0.0,0.0,0.0,0.0,0.0,0.0,0.0,0.0,0.0,0.0,0.0,0.0,0.0,0.0,0.0,0.0,0.0,0.0,0.0,0.0,0.0,0.0,0.0,0.0,0.0,0.0,0.0,0.0,0.0,0.0,0.0,0.0,0.0,0.0,0.0
FC3,0.01,0.035,0.043333333333333335,0.03666666666666667,0.02666666666666667,0.0,0.041666666666666664,0.013333333333333334,0.051666666666666666,0.0,0.0,0.0,0.0,0.035,0.0,0.03,0.0,0.0,0.0,0.0,0.03666666666666667,0.0,0.03833333333333333,0.0,0.0,0.0,0.0,0.051666666666666666,0.008333333333333333,0.005,0.055,0.055,0.0033333333333333335,0.0,0.0,0.0,0.0,0.058333333333333334,0.0,0.0,0.043333333333333335,0.015,0.0,0.0,0.041666666666666664,0.0,0.04,0.023333333333333334,0.0,0.0,0.015,0.03666666666666667,0.035,0.06,0.013333333333333334,0.02666666666666667,0.0,0.015,0.0,0.0,0.0,0.0
C1,0.007042253521126761,0.0,0.0,0.0,0.0,0.046948356807511735,0.0,0.0,0.0,0.0539906103286385,0.0539906103286385,0.046948356807511735,0.009389671361502348,0.0,0.0539906103286385,0.0,0.0539906103286385,0.007042253521126761,0.0539906103286385,0.0539906103286385,0.0,0.002347417840375587,0.0,0.03051643192488263,0.0,0.004694835680751174,0.03755868544600939,0.0,0.004694835680751174,0.004694835680751174,0.0,0.0,0.03286384976525822,0.051643192488262914,0.018779342723004695,0.0539906103286385,0.0,0.0,0.046948356807511735,0.0,0.0,0.0,0.007042253521126761,0.0539906103286385,0.0,0.051643192488262914,0.0,0.0,0.0,0.04225352112676056,0.0,0.0,0.0,0.0,0.0,0.0,0.03051643192488263,0.0,0.0539906103286385,0.009389671361502348,0.01643192488262911,0.004694835680751174
C5,0.0,0.0,0.0,0.0,0.0,0.0,0.0,0.0,0.0,0.0,0.0,0.0,0.0,0.0,0.0,0.0,0.0,0.0,0.0,0.0,0.0,0.0,0.0,0.0,0.0,0.0,0.0,0.0,0.0,0.0,0.0,0.0,0.0,0.0,0.0,0.0,0.0,0.0,0.0,0.0,0.0,0.0,0.0,0.0,0.0,0.0,0.0,0.0,0.0,0.0,0.0,0.0,0.0,0.0,0.0,0.0,0.0,0.0,0.0,0.0,0.0,0.0
TP7,0.011406844106463879,0.03612167300380228,0.045627376425855515,0.03802281368821293,0.028517110266159697,0.0,0.043726235741444866,0.015209125475285171,0.043726235741444866,0.0,0.0,0.0,0.0,0.039923954372623575,0.0,0.034220532319391636,0.0,0.0,0.0,0.0,0.039923954372623575,0.0,0.043726235741444866,0.0,0.0,0.0,0.0,0.045627376425855515,0.0076045627376425855,0.0038022813688212928,0.04752851711026616,0.04752851711026616,0.0019011406844106464,0.0,0.0,0.0,0.0,0.04752851711026616,0.0,0.0,0.045627376425855515,0.015209125475285171,0.0,0.0,0.043726235741444866,0.0,0.04182509505703422,0.024714828897338403,0.0,0.0,0.015209125475285171,0.04182509505703422,0.039923954372623575,0.049429657794676805,0.013307984790874524,0.030418250950570342,0.0,0.017110266159695818,0.0,0.0,0.0,0.0
CP3,0.0,0.039647577092511016,0.039647577092511016,0.039647577092511016,0.039647577092511016,0.0,0.039647577092511016,0.01762114537444934,0.039647577092511016,0.0,0.0,0.0,0.0,0.030837004405286344,0.0,0.02643171806167401,0.0,0.0,0.0,0.0,0.039647577092511016,0.0,0.039647577092511016,0.0,0.0,0.0,0.0,0.039647577092511016,0.01762114537444934,0.00881057268722467,0.03524229074889868,0.039647577092511016,0.004405286343612335,0.0,0.0,0.0,0.0,0.039647577092511016,0.0,0.0,0.039647577092511016,0.03524229074889868,0.0,0.0,0.039647577092511016,0.0,0.039647577092511016,0.03524229074889868,0.0,0.0,0.03524229074889868,0.039647577092511016,0.03524229074889868,0.039647577092511016,0.030837004405286344,0.03524229074889868,0.0,0.01762114537444934,0.0,0.0,0.0,0.0
P1,0.02830188679245283,0.0,0.0,0.0,0.0,0.03773584905660377,0.0,0.0,0.0,0.03773584905660377,0.03773584905660377,0.03773584905660377,0.03773584905660377,0.0,0.03773584905660377,0.0,0.03773584905660377,0.02830188679245283,0.03773584905660377,0.03773584905660377,0.0,0.009433962264150943,0.0,0.03773584905660377,0.0,0.018867924528301886,0.03773584905660377,0.0,0.0,0.0,0.0,0.0,0.03773584905660377,0.03773584905660377,0.03773584905660377,0.03773584905660377,0.0,0.0,0.03773584905660377,0.0,0.0,0.0,0.02830188679245283,0.03773584905660377,0.0,0.03773584905660377,0.0,0.0,0.0,0.03773584905660377,0.0,0.0,0.0,0.0,0.0,0.0,0.03773584905660377,0.0,0.03773584905660377,0.03773584905660377,0.03773584905660377,0.018867924528301886
PO7,0.005253940455341506,0.0017513134851138354,0.0,0.0017513134851138354,0.0017513134851138354,0.03852889667250438,0.0,0.0,0.0017513134851138354,0.0595446584938704,0.0595446584938704,0.040280210157618214,0.0070052539404553416,0.0,0.05779334500875657,0.0,0.06304728546409807,0.005253940455341506,0.07180385288966724,0.06129597197898424,0.0,0.0017513134851138354,0.0,0.02276707530647986,0.0,0.0035026269702276708,0.0297723292469352,0.0,0.005253940455341506,0.005253940455341506,0.0,0.0,0.02626970227670753,0.050788091068301226,0.014010507880910683,0.0647985989492119,0.0,0.0017513134851138354,0.03852889667250438,0.0,0.0,0.0,0.005253940455341506,0.07005253940455342,0.0,0.0542907180385289,0.0,0.0017513134851138354,0.0,0.03152364273204904,0.0,0.0,0.0,0.0,0.0017513134851138354,0.0,0.02276707530647986,0.0,0.04903677758318739,0.0070052539404553416,0.012259194395796848,0.0035026269702276708
PO3,0.009615384615384616,0.03653846153846154,0.046153846153846156,0.038461538461538464,0.028846153846153848,0.0,0.04423076923076923,0.015384615384615385,0.04423076923076923,0.0,0.0,0.0,0.0,0.038461538461538464,0.0,0.032692307692307694,0.0,0.0,0.0,0.0,0.04038461538461539,0.0,0.04423076923076923,0.0,0.0,0.0,0.0,0.046153846153846156,0.007692307692307693,0.0038461538461538464,0.046153846153846156,0.046153846153846156,0.0019230769230769232,0.0,0.0,0.0,0.0,0.04807692307692308,0.0,0.0,0.046153846153846156,0.015384615384615385,0.0,0.0,0.04423076923076923,0.0,0.04230769230769231,0.025,0.0,0.0,0.015384615384615385,0.04230769230769231,0.04038461538461539,0.04807692307692308,0.013461538461538462,0.03076923076923077,0.0,0.01730769230769231,0.0,0.0,0.0,0.0
POz,0.005747126436781609,0.0,0.0,0.0,0.0,0.0421455938697318,0.0,0.0,0.0,0.06130268199233716,0.06130268199233716,0.044061302681992334,0.007662835249042145,0.0,0.05938697318007663,0.0,0.06130268199233716,0.005747126436781609,0.06321839080459771,0.05938697318007663,0.0,0.0019157088122605363,0.0,0.02490421455938697,0.0,0.0038314176245210726,0.032567049808429116,0.0,0.0038314176245210726,0.0038314176245210726,0.0,0.0,0.02681992337164751,0.05363984674329502,0.01532567049808429,0.06130268199233716,0.0,0.0,0.0421455938697318,0.0,0.0,0.0,0.005747126436781609,0.06130268199233716,0.0,0.05555555555555555,0.0,0.0,0.0,0.034482758620689655,0.0,0.0,0.0,0.0,0.0,0.0,0.02490421455938697,0.0,0.05172413793103448,0.007662835249042145,0.013409961685823755,0.0038314176245210726
PO4,0.009671179883945842,0.0367504835589942,0.04642166344294004,0.03868471953578337,0.029013539651837523,0.0,0.04448742746615087,0.015473887814313346,0.04448742746615087,0.0,0.0,0.0,0.0,0.03868471953578337,0.0,0.03288201160541586,0.0,0.0,0.0,0.0,0.04061895551257253,0.0,0.04448742746615087,0.0,0.0,0.0,0.0,0.04642166344294004,0.007736943907156673,0.0038684719535783366,0.04448742746615087,0.04642166344294004,0.0019342359767891683,0.0,0.0,0.0,0.0,0.04642166344294004,0.0,0.0,0.04642166344294004,0.015473887814313346,0.0,0.0,0.04448742746615087,0.0,0.0425531914893617,0.025145067698259187,0.0,0.0,0.015473887814313346,0.0425531914893617,0.04061895551257253,0.04642166344294004,0.013539651837524178,0.030947775628626693,0.0,0.017408123791102514,0.0,0.0,0.0,0.0
PO8,0.0,0.042492917847025496,0.042492917847025496,0.042492917847025496,0.039660056657223795,0.0,0.042492917847025496,0.0113314447592068,0.042492917847025496,0.0,0.0,0.0,0.0,0.0339943342776204,0.0,0.028328611898016998,0.0,0.0,0.0,0.0,0.042492917847025496,0.0,0.039660056657223795,0.0,0.0,0.0,0.0,0.042492917847025496,0.014164305949008499,0.0084985835694051,0.036827195467422094,0.039660056657223795,0.0056657223796034,0.0,0.0,0.0,0.0,0.042492917847025496,0.0,0.0,0.042492917847025496,0.025495750708215296,0.0,0.0,0.042492917847025496,0.0,0.042492917847025496,0.036827195467422094,0.0,0.0,0.025495750708215296,0.039660056657223795,0.036827195467422094,0.042492917847025496,0.0226628895184136,0.0339943342776204,0.0,0.0113314447592068,0.0,0.0,0.0,0.0
P6,0.0,0.0,0.0,0.0,0.0,0.0,0.0,0.0,0.0,0.0,0.0,0.0,0.0,0.0,0.0,0.0,0.0,0.0,0.0,0.0,0.0,0.0,0.0,0.0,0.0,0.0,0.0,0.0,0.0,0.0,0.0,0.0,0.0,0.0,0.0,0.0,0.0,0.0,0.0,0.0,0.0,0.0,0.0,0.0,0.0,0.0,0.0,0.0,0.0,0.0,0.0,0.0,0.0,0.0,0.0,0.0,0.0,0.0,0.0,0.0,0.0,0.0
P2,0.008130081300813009,0.0,0.0,0.0,0.0,0.04607046070460705,0.0,0.0,0.0,0.051490514905149054,0.051490514905149054,0.04607046070460705,0.01084010840108401,0.0,0.051490514905149054,0.0,0.051490514905149054,0.008130081300813009,0.051490514905149054,0.051490514905149054,0.0,0.0027100271002710027,0.0,0.03523035230352303,0.0,0.005420054200542005,0.04065040650406504,0.0,0.005420054200542005,0.005420054200542005,0.0,0.0,0.03523035230352303,0.04878048780487805,0.02168021680216802,0.051490514905149054,0.0,0.0,0.04607046070460705,0.0,0.0,0.0,0.008130081300813009,0.051490514905149054,0.0,0.04878048780487805,0.0,0.0,0.0,0.04336043360433604,0.0,0.0,0.0,0.0,0.0,0.0,0.03523035230352303,0.0,0.051490514905149054,0.01084010840108401,0.018970189701897018,0.005420054200542005
CPz,0.0,0.039647577092511016,0.039647577092511016,0.039647577092511016,0.039647577092511016,0.0,0.039647577092511016,0.01762114537444934,0.039647577092511016,0.0,0.0,0.0,0.0,0.030837004405286344,0.0,0.02643171806167401,0.0,0.0,0.0,0.0,0.039647577092511016,0.0,0.039647577092511016,0.0,0.0,0.0,0.0,0.039647577092511016,0.01762114537444934,0.00881057268722467,0.03524229074889868,0.039647577092511016,0.004405286343612335,0.0,0.0,0.0,0.0,0.039647577092511016,0.0,0.0,0.039647577092511016,0.03524229074889868,0.0,0.0,0.039647577092511016,0.0,0.039647577092511016,0.03524229074889868,0.0,0.0,0.03524229074889868,0.039647577092511016,0.03524229074889868,0.039647577092511016,0.030837004405286344,0.03524229074889868,0.0,0.01762114537444934,0.0,0.0,0.0,0.0
CP4,0.01050420168067227,0.03571428571428571,0.046218487394957986,0.037815126050420166,0.029411764705882353,0.0,0.04411764705882353,0.01680672268907563,0.04411764705882353,0.0,0.0,0.0,0.0,0.03991596638655462,0.0,0.03571428571428571,0.0,0.0,0.0,0.0,0.03991596638655462,0.0,0.04411764705882353,0.0,0.0,0.0,0.0,0.046218487394957986,0.0063025210084033615,0.0021008403361344537,0.046218487394957986,0.046218487394957986,0.0,0.0,0.0,0.0,0.0,0.046218487394957986,0.0,0.0,0.046218487394957986,0.014705882352941176,0.0,0.0,0.04411764705882353,0.0,0.04201680672268908,0.025210084033613446,0.0,0.0,0.014705882352941176,0.04201680672268908,0.04201680672268908,0.046218487394957986,0.012605042016806723,0.03361344537815126,0.0,0.018907563025210083,0.0,0.0,0.0,0.0
TP8,0.013422818791946308,0.035794183445190156,0.0447427293064877,0.03803131991051454,0.029082774049217,0.0,0.042505592841163314,0.017897091722595078,0.042505592841163314,0.0,0.0,0.0,0.0,0.0447427293064877,0.0,0.040268456375838924,0.0,0.0,0.0,0.0,0.040268456375838924,0.0,0.0447427293064877,0.0,0.0,0.0,0.0,0.0447427293064877,0.0044742729306487695,0.0,0.04697986577181208,0.04697986577181208,0.0,0.0,0.0,0.0,0.0,0.0447427293064877,0.0,0.0,0.0447427293064877,0.013422818791946308,0.0,0.0,0.042505592841163314,0.0,0.042505592841163314,0.024608501118568233,0.0,0.0,0.013422818791946308,0.042505592841163314,0.042505592841163314,0.04697986577181208,0.011185682326621925,0.03355704697986577,0.0,0.020134228187919462,0.0,0.0,0.0,0.0
C6,0.011986301369863013,0.03424657534246575,0.04280821917808219,0.03595890410958904,0.025684931506849314,0.0,0.0410958904109589,0.0136986301369863,0.05136986301369863,0.0,0.0,0.0,0.0,0.03595890410958904,0.0,0.030821917808219176,0.0,0.0,0.0,0.0,0.03595890410958904,0.0,0.039383561643835614,0.0,0.0,0.0,0.0,0.05136986301369863,0.00684931506849315,0.003424657534246575,0.05821917808219178,0.05821917808219178,0.0017123287671232876,0.0,0.0,0.0,0.0,0.05821917808219178,0.0,0.0,0.04280821917808219,0.0136986301369863,0.0,0.0,0.0410958904109589,0.0,0.039383561643835614,0.02226027397260274,0.0,0.0,0.0136986301369863,0.03767123287671233,0.03595890410958904,0.06164383561643835,0.011986301369863013,0.0273972602739726,0.0,0.015410958904109588,0.0,0.0,0.0,0.0
C2,0.0,0.04017857142857143,0.04017857142857143,0.04017857142857143,0.04017857142857143,0.0,0.04017857142857143,0.013392857142857142,0.04017857142857143,0.0,0.0,0.0,0.0,0.026785714285714284,0.0,0.022321428571428572,0.0,0.0,0.0,0.0,0.04017857142857143,0.0,0.03571428571428571,0.0,0.0,0.0,0.0,0.04017857142857143,0.022321428571428572,0.013392857142857142,0.03125,0.03571428571428571,0.008928571428571428,0.0,0.0,0.0,0.0,0.04017857142857143,0.0,0.0,0.04017857142857143,0.04017857142857143,0.0,0.0,0.04017857142857143,0.0,0.04017857142857143,0.04017857142857143,0.0,0.0,0.04017857142857143,0.03571428571428571,0.03125,0.04017857142857143,0.03571428571428571,0.03125,0.0,0.013392857142857142,0.0,0.0,0.0,0.0
FC4,0.010810810810810811,0.03513513513513514,0.043243243243243246,0.03783783783783784,0.02972972972972973,0.0,0.043243243243243246,0.021621621621621623,0.043243243243243246,0.0,0.0,0.0,0.0,0.043243243243243246,0.0,0.03783783783783784,0.0,0.0,0.0,0.0,0.04054054054054054,0.0,0.043243243243243246,0.0,0.0,0.0,0.0,0.043243243243243246,0.005405405405405406,0.0,0.043243243243243246,0.043243243243243246,0.0,0.0,0.0,0.0,0.0,0.043243243243243246,0.0,0.0,0.043243243243243246,0.016216216216216217,0.0,0.0,0.043243243243243246,0.0,0.043243243243243246,0.02702702702702703,0.0,0.0,0.016216216216216217,0.043243243243243246,0.043243243243243246,0.043243243243243246,0.013513513513513514,0.03783783783783784,0.0,0.021621621621621623,0.0,0.0,0.0,0.0
FT8,0.010309278350515464,0.003436426116838488,0.0,0.003436426116838488,0.003436426116838488,0.041237113402061855,0.0,0.0,0.003436426116838488,0.044673539518900345,0.044673539518900345,0.041237113402061855,0.013745704467353952,0.0,0.044673539518900345,0.0,0.044673539518900345,0.010309278350515464,0.044673539518900345,0.048109965635738834,0.0,0.003436426116838488,0.0,0.041237113402061855,0.0,0.006872852233676976,0.044673539518900345,0.0,0.010309278350515464,0.010309278350515464,0.0,0.0,0.044673539518900345,0.041237113402061855,0.027491408934707903,0.048109965635738834,0.0,0.003436426116838488,0.041237113402061855,0.0,0.0,0.0,0.010309278350515464,0.044673539518900345,0.0,0.041237113402061855,0.0,0.003436426116838488,0.0,0.041237113402061855,0.0,0.0,0.0,0.0,0.003436426116838488,0.0,0.041237113402061855,0.0,0.044673539518900345,0.013745704467353952,0.024054982817869417,0.006872852233676976
F6,0.03333333333333333,0.022222222222222223,0.044444444444444446,0.027777777777777776,0.016666666666666666,0.0,0.03888888888888889,0.03888888888888889,0.03888888888888889,0.0,0.0,0.0,0.0,0.05,0.0,0.05,0.0,0.0,0.0,0.0,0.03333333333333333,0.0,0.044444444444444446,0.0,0.0,0.0,0.0,0.044444444444444446,0.0,0.0,0.05,0.05,0.0,0.0,0.0,0.0,0.0,0.044444444444444446,0.0,0.0,0.044444444444444446,0.011111111111111112,0.0,0.0,0.03888888888888889,0.0,0.03888888888888889,0.011111111111111112,0.0,0.0,0.011111111111111112,0.03888888888888889,0.044444444444444446,0.05,0.005555555555555556,0.03333333333333333,0.0,0.044444444444444446,0.0,0.0,0.0,0.0
AF8,0.006160164271047228,0.002053388090349076,0.0,0.002053388090349076,0.002053388090349076,0.045174537987679675,0.0,0.0,0.002053388090349076,0.055441478439425054,0.055441478439425054,0.045174537987679675,0.008213552361396304,0.0,0.055441478439425054,0.0,0.055441478439425054,0.006160164271047228,0.057494866529774126,0.057494866529774126,0.0,0.002053388090349076,0.0,0.026694045174537988,0.0,0.004106776180698152,0.03490759753593429,0.0,0.006160164271047228,0.006160164271047228,0.0,0.0,0.030800821355236138,0.0513347022587269,0.01642710472279261,0.057494866529774126,0.0,0.002053388090349076,0.045174537987679675,0.0,0.0,0.0,0.006160164271047228,0.055441478439425054,0.0,0.0513347022587269,0.0,0.002053388090349076,0.0,0.03696098562628337,0.0,0.0,0.0,0.0,0.002053388090349076,0.0,0.026694045174537988,0.0,0.053388090349075976,0.008213552361396304,0.014373716632443531,0.004106776180698152
AF4,0.023622047244094488,0.0,0.0,0.0,0.0,0.03937007874015748,0.0,0.0,0.0,0.03937007874015748,0.03937007874015748,0.03937007874015748,0.031496062992125984,0.0,0.03937007874015748,0.0,0.03937007874015748,0.023622047244094488,0.03937007874015748,0.03937007874015748,0.0,0.007874015748031496,0.0,0.03937007874015748,0.0,0.015748031496062992,0.03937007874015748,0.0,0.007874015748031496,0.007874015748031496,0.0,0.0,0.03937007874015748,0.03937007874015748,0.031496062992125984,0.03937007874015748,0.0,0.0,0.03937007874015748,0.0,0.0,0.0,0.023622047244094488,0.03937007874015748,0.0,0.03937007874015748,0.0,0.0,0.0,0.03937007874015748,0.0,0.0,0.0,0.0,0.0,0.0,0.03937007874015748,0.0,0.03937007874015748,0.031496062992125984,0.031496062992125984,0.015748031496062992
F2,0.015957446808510637,0.0,0.0,0.0,0.0,0.0425531914893617,0.0,0.0,0.0,0.0425531914893617,0.0425531914893617,0.0425531914893617,0.02127659574468085,0.0,0.0425531914893617,0.0,0.0425531914893617,0.015957446808510637,0.0425531914893617,0.0425531914893617,0.0,0.005319148936170213,0.0,0.0425531914893617,0.0,0.010638297872340425,0.0425531914893617,0.0,0.005319148936170213,0.005319148936170213,0.0,0.0,0.0425531914893617,0.0425531914893617,0.031914893617021274,0.0425531914893617,0.0,0.0,0.0425531914893617,0.0,0.0,0.0,0.015957446808510637,0.0425531914893617,0.0,0.0425531914893617,0.0,0.0,0.0,0.0425531914893617,0.0,0.0,0.0,0.0,0.0,0.0,0.0425531914893617,0.0,0.0425531914893617,0.02127659574468085,0.031914893617021274,0.010638297872340425
FCz,0.03614457831325301,0.0,0.0,0.0,0.0,0.03614457831325301,0.0,0.0,0.0,0.03614457831325301,0.03614457831325301,0.03614457831325301,0.03614457831325301,0.0,0.03614457831325301,0.0,0.03614457831325301,0.03614457831325301,0.03614457831325301,0.03614457831325301,0.0,0.012048192771084338,0.0,0.03614457831325301,0.0,0.024096385542168676,0.03614457831325301,0.0,0.0,0.0,0.0,0.0,0.03614457831325301,0.03614457831325301,0.03614457831325301,0.03614457831325301,0.0,0.0,0.03614457831325301,0.0,0.0,0.0,0.03614457831325301,0.03614457831325301,0.0,0.03614457831325301,0.0,0.0,0.0,0.03614457831325301,0.0,0.0,0.0,0.0,0.0,0.0,0.03614457831325301,0.0,0.03614457831325301,0.03614457831325301,0.03614457831325301,0.024096385542168676
