,Fp1,Fz,F3,FT9,FC5,FC1,C3,T7,TP9,CP5,CP1,Pz,P3,P7,O1,Oz,O2,P4,P8,TP10,CP6,CP2,Cz,C4,T8,FT10,FC6,FC2,F4,F8,Fp2,AF7,AF3,AFz,F1,FT7,FC3,C1,C5,TP7,CP3,P1,P5,PO7,PO3,POz,PO4,PO8,P6,P2,CPz,CP4,TP8,C6,C2,FC4,FT8,F6,AF8,AF4,F2,FCz
Fp1,0.0,0.0,0.0,0.0,0.0,0.0,0.0,0.0,0.0,0.0,0.0,0.0,0.0,0.0,0.0,0.0,0.0,0.0,0.0,0.0,0.0,0.0,0.0,0.0,0.0,0.0,0.0,0.0,0.0,0.0,0.0,0.0,0.0,0.0,0.0,0.0,0.0,0.0,0.0,0.0,0.0,0.0,0.0,0.0,0.0,0.0,0.0,0.0,0.0,0.0,0.0,0.0,0.0,0.0,0.0,0.0,0.0,0.0,0.0,0.0,0.0,0.0
Fz,0.0,0.0,0.0,0.0,0.0,0.0,0.0,0.0,0.0,0.0,0.0,0.0,0.0,0.0,0.0,0.0,0.0,0.0,0.0,0.0,0.0,0.0,0.0,0.0,0.0,0.0,0.0,0.0,0.0,0.0,0.0,0.0,0.0,0.0,0.0,0.0,0.0,0.0,0.0,0.0,0.0,0.0,0.0,0.0,0.0,0.0,0.0,0.0,0.0,0.0,0.0,0.0,0.0,0.0,0.0,0.0,0.0,0.0,0.0,0.0,0.0,0.0
F3,0.0,0.0,0.0,0.0,0.0,0.0,0.0,0.0,0.0,0.0,0.0,0.0,0.0,0.0,0.0,0.0,0.0,0.0,0.0,0.0,0.0,0.0,0.0,0.0,0.0,0.0,0.0,0.0,0.0,0.0,0.0,0.0,0.0,0.0,0.0,0.0,0.0,0.0,0.0,0.0,0.0,0.0,0.0,0.0,0.0,0.0,0.0,0.0,0.0,0.0,0.0,0.0,0.0,0.0,0.0,0.0,0.0,0.0,0.0,0.0,0.0,0.0
FT9,0.0,0.0,0.0,0.046875,0.0,0.0625,0.0,0.0,0.0,0.0,0.0,0.03125,0.0625,0.0,0.0,0.0,0.03125,0.0,0.0,0.0,0.0625,0.0625,0.0,0.0625,0.0625,0.0,0.0,0.0,0.0,0.0,0.0,0.0,0.0625,0.0,0.0,0.0625,0.0,0.0,0.0,0.0625,0.0,0.0,0.0,0.03125,0.0,0.0,0.0625,0.0,0.0,0.0,0.0,0.0,0.0625,0.0,0.0,0.0,0.0625,0.0,0.046875,0.0,0.0,0.0625
FC5,0.0,0.0,0.0,0.0,0.0,0.0,0.0,0.0,0.0,0.0,0.0,0.0,0.0,0.0,0.0,0.0,0.0,0.0,0.0,0.0,0.0,0.0,0.0,0.0,0.0,0.0,0.0,0.0,0.0,0.0,0.0,0.0,0.0,0.0,0.0,0.0,0.0,0.0,0.0,0.0,0.0,0.0,0.0,0.0,0.0,0.0,0.0,0.0,0.0,0.0,0.0,0.0,0.0,0.0,0.0,0.0,0.0,0.0,0.0,0.0,0.0,0.0
FC1,0.0,0.0,0.0,0.03260869565217391,0.0,0.07608695652173914,0.0,0.0,0.0,0.0,0.0,0.021739130434782608,0.043478260869565216,0.0,0.0,0.0,0.021739130434782608,0.0,0.0,0.0,0.08695652173913043,0.08695652173913043,0.0,0.043478260869565216,0.08695652173913043,0.0,0.0,0.0,0.0,0.0,0.0,0.0,0.043478260869565216,0.0,0.0,0.043478260869565216,0.0,0.0,0.0,0.08695652173913043,0.0,0.0,0.0,0.021739130434782608,0.0,0.0,0.043478260869565216,0.0,0.0,0.0,0.0,0.0,0.09782608695652174,0.0,0.0,0.0,0.08695652173913043,0.0,0.03260869565217391,0.0,0.0,0.043478260869565216
C3,0.0,0.0,0.0,0.0,0.0,0.0,0.0,0.0,0.0,0.0,0.0,0.0,0.0,0.0,0.0,0.0,0.0,0.0,0.0,0.0,0.0,0.0,0.0,0.0,0.0,0.0,0.0,0.0,0.0,0.0,0.0,0.0,0.0,0.0,0.0,0.0,0.0,0.0,0.0,0.0,0.0,0.0,0.0,0.0,0.0,0.0,0.0,0.0,0.0,0.0,0.0,0.0,0.0,0.0,0.0,0.0,0.0,0.0,0.0,0.0,0.0,0.0
T7,0.0,0.0,0.0,0.0,0.0,0.0,0.0,0.0,0.0,0.0,0.0,0.0,0.0,0.0,0.0,0.0,0.0,0.0,0.0,0.0,0.0,0.0,0.0,0.0,0.0,0.0,0.0,0.0,0.0,0.0,0.0,0.0,0.0,0.0,0.0,0.0,0.0,0.0,0.0,0.0,0.0,0.0,0.0,0.0,0.0,0.0,0.0,0.0,0.0,0.0,0.0,0.0,0.0,0.0,0.0,0.0,0.0,0.0,0.0,0.0,0.0,0.0
TP9,0.0,0.0,0.0,0.0,0.0,0.0,0.0,0.0,0.0,0.0,0.0,0.0,0.0,0.0,0.0,0.0,0.0,0.0,0.0,0.0,0.0,0.0,0.0,0.0,0.0,0.0,0.0,0.0,0.0,0.0,0.0,0.0,0.0,0.0,0.0,0.0,0.0,0.0,0.0,0.0,0.0,0.0,0.0,0.0,0.0,0.0,0.0,0.0,0.0,0.0,0.0,0.0,0.0,0.0,0.0,0.0,0.0,0.0,0.0,0.0,0.0,0.0
CP5,0.0,0.0,0.0,0.0,0.0,0.0,0.0,0.0,0.0,0.0,0.0,0.0,0.0,0.0,0.0,0.0,0.0,0.0,0.0,0.0,0.0,0.0,0.0,0.0,0.0,0.0,0.0,0.0,0.0,0.0,0.0,0.0,0.0,0.0,0.0,0.0,0.0,0.0,0.0,0.0,0.0,0.0,0.0,0.0,0.0,0.0,0.0,0.0,0.0,0.0,0.0,0.0,0.0,0.0,0.0,0.0,0.0,0.0,0.0,0.0,0.0,0.0
CP1,0.0,0.0,0.0,0.0,0.0,0.0,0.0,0.0,0.0,0.0,0.0,0.0,0.0,0.0,0.0,0.0,0.0,0.0,0.0,0.0,0.0,0.0,0.0,0.0,0.0,0.0,0.0,0.0,0.0,0.0,0.0,0.0,0.0,0.0,0.0,0.0,0.0,0.0,0.0,0.0,0.0,0.0,0.0,0.0,0.0,0.0,0.0,0.0,0.0,0.0,0.0,0.0,0.0,0.0,0.0,0.0,0.0,0.0,0.0,0.0,0.0,0.0
Pz,0.0,0.0,0.0,0.058823529411764705,0.0,0.058823529411764705,0.0,0.0,0.0,0.0,0.0,0.0392156862745098,0.058823529411764705,0.0,0.0,0.0,0.0392156862745098,0.0,0.0,0.0,0.058823529411764705,0.058823529411764705,0.0,0.058823529411764705,0.058823529411764705,0.0,0.0,0.0,0.0,0.0,0.0,0.0,0.058823529411764705,0.0,0.0,0.058823529411764705,0.0,0.0,0.0,0.058823529411764705,0.0,0.0,0.0,0.0392156862745098,0.0,0.0,0.058823529411764705,0.0,0.0,0.0,0.0,0.0,0.058823529411764705,0.0,0.0,0.0,0.058823529411764705,0.0,0.058823529411764705,0.0,0.0,0.058823529411764705
P3,0.0,0.0,0.0,0.04225352112676056,0.0,0.07042253521126761,0.0,0.0,0.0,0.0,0.0,0.028169014084507043,0.056338028169014086,0.0,0.0,0.0,0.028169014084507043,0.0,0.0,0.0,0.07042253521126761,0.07042253521126761,0.0,0.056338028169014086,0.07042253521126761,0.0,0.0,0.0,0.0,0.0,0.0,0.0,0.056338028169014086,0.0,0.0,0.056338028169014086,0.0,0.0,0.0,0.07042253521126761,0.0,0.0,0.0,0.028169014084507043,0.0,0.0,0.056338028169014086,0.0,0.0,0.0,0.0,0.0,0.07042253521126761,0.0,0.0,0.0,0.07042253521126761,0.0,0.04225352112676056,0.0,0.0,0.056338028169014086
P7,0.0,0.0,0.0,0.0,0.0,0.0,0.0,0.0,0.0,0.0,0.0,0.0,0.0,0.125,0.0,0.0,0.0,0.0,0.0,0.08333333333333333,0.0,0.0,0.010416666666666666,0.0,0.0,0.0,0.0,0.0,0.0,0.07291666666666667,0.0,0.052083333333333336,0.0,0.0,0.0,0.0,0.0,0.14583333333333334,0.07291666666666667,0.0,0.09375,0.03125,0.0,0.0,0.07291666666666667,0.0,0.0,0.0,0.041666666666666664,0.0,0.0,0.052083333333333336,0.0,0.14583333333333334,0.0,0.0,0.0,0.0,0.0,0.0,0.0,0.0
O1,0.0,0.0,0.0,0.0,0.0,0.0,0.0,0.0,0.0,0.0,0.0,0.0,0.0,0.0,0.0,0.0,0.0,0.0,0.0,0.0,0.0,0.0,0.0,0.0,0.0,0.0,0.0,0.0,0.0,0.0,0.0,0.0,0.0,0.0,0.0,0.0,0.0,0.0,0.0,0.0,0.0,0.0,0.0,0.0,0.0,0.0,0.0,0.0,0.0,0.0,0.0,0.0,0.0,0.0,0.0,0.0,0.0,0.0,0.0,0.0,0.0,0.0
Oz,0.0,0.0,0.0,0.0,0.0,0.0,0.0,0.0,0.0,0.0,0.0,0.0,0.0,0.0,0.0,0.0,0.0,0.0,0.0,0.0,0.0,0.0,0.0,0.0,0.0,0.0,0.0,0.0,0.0,0.0,0.0,0.0,0.0,0.0,0.0,0.0,0.0,0.0,0.0,0.0,0.0,0.0,0.0,0.0,0.0,0.0,0.0,0.0,0.0,0.0,0.0,0.0,0.0,0.0,0.0,0.0,0.0,0.0,0.0,0.0,0.0,0.0
O2,0.0,0.0,0.0,0.06060606060606061,0.0,0.06060606060606061,0.0,0.0,0.0,0.0,0.0,0.030303030303030304,0.06060606060606061,0.0,0.0,0.0,0.030303030303030304,0.0,0.0,0.0,0.06060606060606061,0.06060606060606061,0.0,0.06060606060606061,0.06060606060606061,0.0,0.0,0.0,0.0,0.0,0.0,0.0,0.06060606060606061,0.0,0.0,0.06060606060606061,0.0,0.0,0.0,0.06060606060606061,0.0,0.0,0.0,0.030303030303030304,0.0,0.0,0.06060606060606061,0.0,0.0,0.0,0.0,0.0,0.06060606060606061,0.0,0.0,0.0,0.06060606060606061,0.0,0.06060606060606061,0.0,0.0,0.06060606060606061
P4,0.0,0.0,0.0,0.0,0.0,0.0,0.0,0.0,0.0,0.0,0.0,0.0,0.0,0.0,0.0,0.0,0.0,0.0,0.0,0.0,0.0,0.0,0.0,0.0,0.0,0.0,0.0,0.0,0.0,0.0,0.0,0.0,0.0,0.0,0.0,0.0,0.0,0.0,0.0,0.0,0.0,0.0,0.0,0.0,0.0,0.0,0.0,0.0,0.0,0.0,0.0,0.0,0.0,0.0,0.0,0.0,0.0,0.0,0.0,0.0,0.0,0.0
P8,0.0,0.0,0.0,0.0,0.0,0.0,0.0,0.0,0.0,0.0,0.0,0.0,0.0,0.0,0.0,0.0,0.0,0.0,0.0,0.0,0.0,0.0,0.0,0.0,0.0,0.0,0.0,0.0,0.0,0.0,0.0,0.0,0.0,0.0,0.0,0.0,0.0,0.0,0.0,0.0,0.0,0.0,0.0,0.0,0.0,0.0,0.0,0.0,0.0,0.0,0.0,0.0,0.0,0.0,0.0,0.0,0.0,0.0,0.0,0.0,0.0,0.0
TP10,0.0,0.0,0.0,0.0,0.0,0.0,0.0,0.0,0.0,0.0,0.0,0.0,0.0,0.11594202898550725,0.0,0.0,0.0,0.0,0.0,0.10144927536231885,0.0,0.0,0.0,0.0,0.0,0.0,0.0,0.0,0.0,0.10144927536231885,0.0,0.057971014492753624,0.0,0.0,0.0,0.0,0.0,0.11594202898550725,0.08695652173913043,0.0,0.08695652173913043,0.028985507246376812,0.0,0.0,0.08695652173913043,0.0,0.0,0.0,0.043478260869565216,0.0,0.0,0.057971014492753624,0.0,0.11594202898550725,0.0,0.0,0.0,0.0,0.0,0.0,0.0,0.0
CP6,0.0,0.0,0.0,0.02586206896551724,0.0,0.06896551724137931,0.0,0.0,0.0,0.0,0.0,0.017241379310344827,0.034482758620689655,0.0,0.0,0.0,0.017241379310344827,0.0,0.0,0.0,0.10344827586206896,0.08620689655172414,0.0,0.034482758620689655,0.10344827586206896,0.0,0.0,0.0,0.0,0.0,0.0,0.0,0.034482758620689655,0.0,0.0,0.034482758620689655,0.0,0.0,0.0,0.10344827586206896,0.0,0.0,0.0,0.017241379310344827,0.0,0.0,0.034482758620689655,0.0,0.0,0.0,0.0,0.0,0.11206896551724138,0.0,0.0,0.0,0.11206896551724138,0.0,0.02586206896551724,0.0,0.0,0.034482758620689655
CP2,0.0,0.0,0.0,0.028846153846153848,0.0,0.07692307692307693,0.0,0.0,0.0,0.0,0.0,0.019230769230769232,0.038461538461538464,0.0,0.0,0.0,0.019230769230769232,0.0,0.0,0.0,0.09615384615384616,0.08653846153846154,0.0,0.038461538461538464,0.09615384615384616,0.0,0.0,0.0,0.0,0.0,0.0,0.0,0.038461538461538464,0.0,0.0,0.038461538461538464,0.0,0.0,0.0,0.09615384615384616,0.0,0.0,0.0,0.019230769230769232,0.0,0.0,0.038461538461538464,0.0,0.0,0.0,0.0,0.0,0.10576923076923077,0.0,0.0,0.0,0.09615384615384616,0.0,0.028846153846153848,0.0,0.0,0.038461538461538464
Cz,0.0,0.0,0.0,0.0,0.0,0.0,0.0,0.0,0.0,0.0,0.0,0.0,0.0,0.08333333333333333,0.0,0.0,0.0,0.0,0.0,0.08333333333333333,0.0,0.0,0.041666666666666664,0.0,0.0,0.0,0.0,0.0,0.0,0.041666666666666664,0.0,0.08333333333333333,0.0,0.0,0.0,0.0,0.0,0.08333333333333333,0.08333333333333333,0.0,0.08333333333333333,0.08333333333333333,0.0,0.0,0.08333333333333333,0.0,0.0,0.0,0.08333333333333333,0.0,0.0,0.08333333333333333,0.0,0.08333333333333333,0.0,0.0,0.0,0.0,0.0,0.0,0.0,0.0
C4,0.0,0.0,0.0,0.04225352112676056,0.0,0.07042253521126761,0.0,0.0,0.0,0.0,0.0,0.028169014084507043,0.056338028169014086,0.0,0.0,0.0,0.028169014084507043,0.0,0.0,0.0,0.07042253521126761,0.07042253521126761,0.0,0.056338028169014086,0.07042253521126761,0.0,0.0,0.0,0.0,0.0,0.0,0.0,0.056338028169014086,0.0,0.0,0.056338028169014086,0.0,0.0,0.0,0.07042253521126761,0.0,0.0,0.0,0.028169014084507043,0.0,0.0,0.056338028169014086,0.0,0.0,0.0,0.0,0.0,0.07042253521126761,0.0,0.0,0.0,0.07042253521126761,0.0,0.04225352112676056,0.0,0.0,0.056338028169014086
T8,0.0,0.0,0.0,0.02586206896551724,0.0,0.06896551724137931,0.0,0.0,0.0,0.0,0.0,0.017241379310344827,0.034482758620689655,0.0,0.0,0.0,0.017241379310344827,0.0,0.0,0.0,0.10344827586206896,0.08620689655172414,0.0,0.034482758620689655,0.10344827586206896,0.0,0.0,0.0,0.0,0.0,0.0,0.0,0.034482758620689655,0.0,0.0,0.034482758620689655,0.0,0.0,0.0,0.10344827586206896,0.0,0.0,0.0,0.017241379310344827,0.0,0.0,0.034482758620689655,0.0,0.0,0.0,0.0,0.0,0.11206896551724138,0.0,0.0,0.0,0.11206896551724138,0.0,0.02586206896551724,0.0,0.0,0.034482758620689655
FT10,0.0,0.0,0.0,0.0,0.0,0.0,0.0,0.0,0.0,0.0,0.0,0.0,0.0,0.0,0.0,0.0,0.0,0.0,0.0,0.0,0.0,0.0,0.0,0.0,0.0,0.0,0.0,0.0,0.0,0.0,0.0,0.0,0.0,0.0,0.0,0.0,0.0,0.0,0.0,0.0,0.0,0.0,0.0,0.0,0.0,0.0,0.0,0.0,0.0,0.0,0.0,0.0,0.0,0.0,0.0,0.0,0.0,0.0,0.0,0.0,0.0,0.0
FC6,0.0,0.0,0.0,0.0,0.0,0.0,0.0,0.0,0.0,0.0,0.0,0.0,0.0,0.0,0.0,0.0,0.0,0.0,0.0,0.0,0.0,0.0,0.0,0.0,0.0,0.0,0.0,0.0,0.0,0.0,0.0,0.0,0.0,0.0,0.0,0.0,0.0,0.0,0.0,0.0,0.0,0.0,0.0,0.0,0.0,0.0,0.0,0.0,0.0,0.0,0.0,0.0,0.0,0.0,0.0,0.0,0.0,0.0,0.0,0.0,0.0,0.0
FC2,0.0,0.0,0.0,0.0,0.0,0.0,0.0,0.0,0.0,0.0,0.0,0.0,0.0,0.0,0.0,0.0,0.0,0.0,0.0,0.0,0.0,0.0,0.0,0.0,0.0,0.0,0.0,0.0,0.0,0.0,0.0,0.0,0.0,0.0,0.0,0.0,0.0,0.0,0.0,0.0,0.0,0.0,0.0,0.0,0.0,0.0,0.0,0.0,0.0,0.0,0.0,0.0,0.0,0.0,0.0,0.0,0.0,0.0,0.0,0.0,0.0,0.0
F4,0.0,0.0,0.0,0.0,0.0,0.0,0.0,0.0,0.0,0.0,0.0,0.0,0.0,0.0,0.0,0.0,0.0,0.0,0.0,0.0,0.0,0.0,0.0,0.0,0.0,0.0,0.0,0.0,0.0,0.0,0.0,0.0,0.0,0.0,0.0,0.0,0.0,0.0,0.0,0.0,0.0,0.0,0.0,0.0,0.0,0.0,0.0,0.0,0.0,0.0,0.0,0.0,0.0,0.0,0.0,0.0,0.0,0.0,0.0,0.0,0.0,0.0
F8,0.0,0.0,0.0,0.0,0.0,0.0,0.0,0.0,0.0,0.0,0.0,0.0,0.0,0.12280701754385964,0.0,0.0,0.0,0.0,0.0,0.10526315789473684,0.0,0.0,0.0,0.0,0.0,0.0,0.0,0.0,0.0,0.10526315789473684,0.0,0.05263157894736842,0.0,0.0,0.0,0.0,0.0,0.12280701754385964,0.08771929824561403,0.0,0.08771929824561403,0.017543859649122806,0.0,0.0,0.08771929824561403,0.0,0.0,0.0,0.03508771929824561,0.0,0.0,0.05263157894736842,0.0,0.12280701754385964,0.0,0.0,0.0,0.0,0.0,0.0,0.0,0.0
Fp2,0.0,0.0,0.0,0.0,0.0,0.0,0.0,0.0,0.0,0.0,0.0,0.0,0.0,0.0,0.0,0.0,0.0,0.0,0.0,0.0,0.0,0.0,0.0,0.0,0.0,0.0,0.0,0.0,0.0,0.0,0.0,0.0,0.0,0.0,0.0,0.0,0.0,0.0,0.0,0.0,0.0,0.0,0.0,0.0,0.0,0.0,0.0,0.0,0.0,0.0,0.0,0.0,0.0,0.0,0.0,0.0,0.0,0.0,0.0,0.0,0.0,0.0
AF7,0.0,0.0,0.0,0.0,0.0,0.0,0.0,0.0,0.0,0.0,0.0,0.0,0.0,0.09433962264150944,0.0,0.0,0.0,0.0,0.0,0.09433962264150944,0.0,0.0,0.0,0.0,0.0,0.0,0.0,0.0,0.0,0.09433962264150944,0.0,0.07547169811320754,0.0,0.0,0.0,0.0,0.0,0.09433962264150944,0.09433962264150944,0.0,0.09433962264150944,0.03773584905660377,0.0,0.0,0.09433962264150944,0.0,0.0,0.0,0.05660377358490566,0.0,0.0,0.07547169811320754,0.0,0.09433962264150944,0.0,0.0,0.0,0.0,0.0,0.0,0.0,0.0
AF3,0.0,0.0,0.0,0.04225352112676056,0.0,0.07042253521126761,0.0,0.0,0.0,0.0,0.0,0.028169014084507043,0.056338028169014086,0.0,0.0,0.0,0.028169014084507043,0.0,0.0,0.0,0.07042253521126761,0.07042253521126761,0.0,0.056338028169014086,0.07042253521126761,0.0,0.0,0.0,0.0,0.0,0.0,0.0,0.056338028169014086,0.0,0.0,0.056338028169014086,0.0,0.0,0.0,0.07042253521126761,0.0,0.0,0.0,0.028169014084507043,0.0,0.0,0.056338028169014086,0.0,0.0,0.0,0.0,0.0,0.07042253521126761,0.0,0.0,0.0,0.07042253521126761,0.0,0.04225352112676056,0.0,0.0,0.056338028169014086
AFz,0.0,0.0,0.0,0.0,0.0,0.0,0.0,0.0,0.0,0.0,0.0,0.0,0.0,0.0,0.0,0.0,0.0,0.0,0.0,0.0,0.0,0.0,0.0,0.0,0.0,0.0,0.0,0.0,0.0,0.0,0.0,0.0,0.0,0.0,0.0,0.0,0.0,0.0,0.0,0.0,0.0,0.0,0.0,0.0,0.0,0.0,0.0,0.0,0.0,0.0,0.0,0.0,0.0,0.0,0.0,0.0,0.0,0.0,0.0,0.0,0.0,0.0
F1,0.0,0.0,0.0,0.0,0.0,0.0,0.0,0.0,0.0,0.0,0.0,0.0,0.0,0.0,0.0,0.0,0.0,0.0,0.0,0.0,0.0,0.0,0.0,0.0,0.0,0.0,0.0,0.0,0.0,0.0,0.0,0.0,0.0,0.0,0.0,0.0,0.0,0.0,0.0,0.0,0.0,0.0,0.0,0.0,0.0,0.0,0.0,0.0,0.0,0.0,0.0,0.0,0.0,0.0,0.0,0.0,0.0,0.0,0.0,0.0,0.0,0.0
FT7,0.0,0.0,0.0,0.04225352112676056,0.0,0.07042253521126761,0.0,0.0,0.0,0.0,0.0,0.028169014084507043,0.056338028169014086,0.0,0.0,0.0,0.028169014084507043,0.0,0.0,0.0,0.07042253521126761,0.07042253521126761,0.0,0.056338028169014086,0.07042253521126761,0.0,0.0,0.0,0.0,0.0,0.0,0.0,0.056338028169014086,0.0,0.0,0.056338028169014086,0.0,0.0,0.0,0.07042253521126761,0.0,0.0,0.0,0.028169014084507043,0.0,0.0,0.056338028169014086,0.0,0.0,0.0,0.0,0.0,0.07042253521126761,0.0,0.0,0.0,0.07042253521126761,0.0,0.04225352112676056,0.0,0.0,0.056338028169014086
FC3,0.0,0.0,0.0,0.0,0.0,0.0,0.0,0.0,0.0,0.0,0.0,0.0,0.0,0.0,0.0,0.0,0.0,0.0,0.0,0.0,0.0,0.0,0.0,0.0,0.0,0.0,0.0,0.0,0.0,0.0,0.0,0.0,0.0,0.0,0.0,0.0,0.0,0.0,0.0,0.0,0.0,0.0,0.0,0.0,0.0,0.0,0.0,0.0,0.0,0.0,0.0,0.0,0.0,0.0,0.0,0.0,0.0,0.0,0.0,0.0,0.0,0.0
C1,0.0,0.0,0.0,0.0,0.0,0.0,0.0,0.0,0.0,0.0,0.0,0.0,0.0,0.13186813186813187,0.0,0.0,0.0,0.0,0.0,0.07692307692307693,0.0,0.0,0.0,0.0,0.0,0.0,0.0,0.0,0.0,0.07692307692307693,0.0,0.04395604395604396,0.0,0.0,0.0,0.0,0.0,0.16483516483516483,0.06593406593406594,0.0,0.08791208791208792,0.02197802197802198,0.0,0.0,0.06593406593406594,0.0,0.0,0.0,0.03296703296703297,0.0,0.0,0.04395604395604396,0.0,0.18681318681318682,0.0,0.0,0.0,0.0,0.0,0.0,0.0,0.0
C5,0.0,0.0,0.0,0.0,0.0,0.0,0.0,0.0,0.0,0.0,0.0,0.0,0.0,0.10344827586206896,0.0,0.0,0.0,0.0,0.0,0.09195402298850575,0.0,0.0,0.022988505747126436,0.0,0.0,0.0,0.0,0.0,0.0,0.08045977011494253,0.0,0.05747126436781609,0.0,0.0,0.0,0.0,0.0,0.09195402298850575,0.09195402298850575,0.0,0.09195402298850575,0.04597701149425287,0.0,0.0,0.09195402298850575,0.0,0.0,0.0,0.05747126436781609,0.0,0.0,0.06896551724137931,0.0,0.10344827586206896,0.0,0.0,0.0,0.0,0.0,0.0,0.0,0.0
TP7,0.0,0.0,0.0,0.024793388429752067,0.0,0.06611570247933884,0.0,0.0,0.0,0.0,0.0,0.01652892561983471,0.03305785123966942,0.0,0.0,0.0,0.01652892561983471,0.0,0.0,0.0,0.10743801652892562,0.08264462809917356,0.0,0.03305785123966942,0.10743801652892562,0.0,0.0,0.0,0.0,0.0,0.0,0.0,0.03305785123966942,0.0,0.0,0.03305785123966942,0.0,0.0,0.0,0.10743801652892562,0.0,0.0,0.0,0.01652892561983471,0.0,0.0,0.03305785123966942,0.0,0.0,0.0,0.0,0.0,0.11570247933884298,0.0,0.0,0.0,0.11570247933884298,0.0,0.024793388429752067,0.0,0.0,0.03305785123966942
CP3,0.0,0.0,0.0,0.0,0.0,0.0,0.0,0.0,0.0,0.0,0.0,0.0,0.0,0.11702127659574468,0.0,0.0,0.0,0.0,0.0,0.0851063829787234,0.0,0.0,0.02127659574468085,0.0,0.0,0.0,0.0,0.0,0.0,0.07446808510638298,0.0,0.05319148936170213,0.0,0.0,0.0,0.0,0.0,0.10638297872340426,0.0851063829787234,0.0,0.09574468085106383,0.0425531914893617,0.0,0.0,0.0851063829787234,0.0,0.0,0.0,0.05319148936170213,0.0,0.0,0.06382978723404255,0.0,0.11702127659574468,0.0,0.0,0.0,0.0,0.0,0.0,0.0,0.0
P1,0.0,0.0,0.0,0.0,0.0,0.0,0.0,0.0,0.0,0.0,0.0,0.0,0.0,0.0851063829787234,0.0,0.0,0.0,0.0,0.0,0.0851063829787234,0.0,0.0,0.02127659574468085,0.0,0.0,0.0,0.0,0.0,0.0,0.06382978723404255,0.0,0.0851063829787234,0.0,0.0,0.0,0.0,0.0,0.0851063829787234,0.0851063829787234,0.0,0.0851063829787234,0.06382978723404255,0.0,0.0,0.0851063829787234,0.0,0.0,0.0,0.0851063829787234,0.0,0.0,0.0851063829787234,0.0,0.0851063829787234,0.0,0.0,0.0,0.0,0.0,0.0,0.0,0.0
P5,0.0,0.0,0.0,0.0,0.0,0.0,0.0,0.0,0.0,0.0,0.0,0.0,0.0,0.0,0.0,0.0,0.0,0.0,0.0,0.0,0.0,0.0,0.0,0.0,0.0,0.0,0.0,0.0,0.0,0.0,0.0,0.0,0.0,0.0,0.0,0.0,0.0,0.0,0.0,0.0,0.0,0.0,0.0,0.0,0.0,0.0,0.0,0.0,0.0,0.0,0.0,0.0,0.0,0.0,0.0,0.0,0.0,0.0,0.0,0.0,0.0,0.0
PO7,0.0,0.0,0.0,0.058823529411764705,0.0,0.058823529411764705,0.0,0.0,0.0,0.0,0.0,0.0392156862745098,0.058823529411764705,0.0,0.0,0.0,0.0392156862745098,0.0,0.0,0.0,0.058823529411764705,0.058823529411764705,0.0,0.058823529411764705,0.058823529411764705,0.0,0.0,0.0,0.0,0.0,0.0,0.0,0.058823529411764705,0.0,0.0,0.058823529411764705,0.0,0.0,0.0,0.058823529411764705,0.0,0.0,0.0,0.0392156862745098,0.0,0.0,0.058823529411764705,0.0,0.0,0.0,0.0,0.0,0.058823529411764705,0.0,0.0,0.0,0.058823529411764705,0.0,0.058823529411764705,0.0,0.0,0.058823529411764705
PO3,0.0,0.0,0.0,0.0,0.0,0.0,0.0,0.0,0.0,0.0,0.0,0.0,0.0,0.10256410256410256,0.0,0.0,0.0,0.0,0.0,0.10256410256410256,0.0,0.0,0.01282051282051282,0.0,0.0,0.0,0.0,0.0,0.0,0.08974358974358974,0.0,0.0641025641025641,0.0,0.0,0.0,0.0,0.0,0.10256410256410256,0.08974358974358974,0.0,0.08974358974358974,0.038461538461538464,0.0,0.0,0.08974358974358974,0.0,0.0,0.0,0.05128205128205128,0.0,0.0,0.0641025641025641,0.0,0.10256410256410256,0.0,0.0,0.0,0.0,0.0,0.0,0.0,0.0
POz,0.0,0.0,0.0,0.0,0.0,0.0,0.0,0.0,0.0,0.0,0.0,0.0,0.0,0.0,0.0,0.0,0.0,0.0,0.0,0.0,0.0,0.0,0.0,0.0,0.0,0.0,0.0,0.0,0.0,0.0,0.0,0.0,0.0,0.0,0.0,0.0,0.0,0.0,0.0,0.0,0.0,0.0,0.0,0.0,0.0,0.0,0.0,0.0,0.0,0.0,0.0,0.0,0.0,0.0,0.0,0.0,0.0,0.0,0.0,0.0,0.0,0.0
PO4,0.0,0.0,0.0,0.04225352112676056,0.0,0.07042253521126761,0.0,0.0,0.0,0.0,0.0,0.028169014084507043,0.056338028169014086,0.0,0.0,0.0,0.028169014084507043,0.0,0.0,0.0,0.07042253521126761,0.07042253521126761,0.0,0.056338028169014086,0.07042253521126761,0.0,0.0,0.0,0.0,0.0,0.0,0.0,0.056338028169014086,0.0,0.0,0.056338028169014086,0.0,0.0,0.0,0.07042253521126761,0.0,0.0,0.0,0.028169014084507043,0.0,0.0,0.056338028169014086,0.0,0.0,0.0,0.0,0.0,0.07042253521126761,0.0,0.0,0.0,0.07042253521126761,0.0,0.04225352112676056,0.0,0.0,0.056338028169014086
PO8,0.0,0.0,0.0,0.0,0.0,0.0,0.0,0.0,0.0,0.0,0.0,0.0,0.0,0.0,0.0,0.0,0.0,0.0,0.0,0.0,0.0,0.0,0.0,0.0,0.0,0.0,0.0,0.0,0.0,0.0,0.0,0.0,0.0,0.0,0.0,0.0,0.0,0.0,0.0,0.0,0.0,0.0,0.0,0.0,0.0,0.0,0.0,0.0,0.0,0.0,0.0,0.0,0.0,0.0,0.0,0.0,0.0,0.0,0.0,0.0,0.0,0.0
P6,0.0,0.0,0.0,0.0,0.0,0.0,0.0,0.0,0.0,0.0,0.0,0.0,0.0,0.08771929824561403,0.0,0.0,0.0,0.0,0.0,0.08771929824561403,0.0,0.0,0.017543859649122806,0.0,0.0,0.0,0.0,0.0,0.0,0.07017543859649122,0.0,0.08771929824561403,0.0,0.0,0.0,0.0,0.0,0.08771929824561403,0.08771929824561403,0.0,0.08771929824561403,0.05263157894736842,0.0,0.0,0.08771929824561403,0.0,0.0,0.0,0.07017543859649122,0.0,0.0,0.08771929824561403,0.0,0.08771929824561403,0.0,0.0,0.0,0.0,0.0,0.0,0.0,0.0
P2,0.0,0.0,0.0,0.0,0.0,0.0,0.0,0.0,0.0,0.0,0.0,0.0,0.0,0.0,0.0,0.0,0.0,0.0,0.0,0.0,0.0,0.0,0.0,0.0,0.0,0.0,0.0,0.0,0.0,0.0,0.0,0.0,0.0,0.0,0.0,0.0,0.0,0.0,0.0,0.0,0.0,0.0,0.0,0.0,0.0,0.0,0.0,0.0,0.0,0.0,0.0,0.0,0.0,0.0,0.0,0.0,0.0,0.0,0.0,0.0,0.0,0.0
CPz,0.0,0.0,0.0,0.0,0.0,0.0,0.0,0.0,0.0,0.0,0.0,0.0,0.0,0.0,0.0,0.0,0.0,0.0,0.0,0.0,0.0,0.0,0.0,0.0,0.0,0.0,0.0,0.0,0.0,0.0,0.0,0.0,0.0,0.0,0.0,0.0,0.0,0.0,0.0,0.0,0.0,0.0,0.0,0.0,0.0,0.0,0.0,0.0,0.0,0.0,0.0,0.0,0.0,0.0,0.0,0.0,0.0,0.0,0.0,0.0,0.0,0.0
CP4,0.0,0.0,0.0,0.0,0.0,0.0,0.0,0.0,0.0,0.0,0.0,0.0,0.0,0.09230769230769231,0.0,0.0,0.0,0.0,0.0,0.09230769230769231,0.0,0.0,0.015384615384615385,0.0,0.0,0.0,0.0,0.0,0.0,0.07692307692307693,0.0,0.07692307692307693,0.0,0.0,0.0,0.0,0.0,0.09230769230769231,0.09230769230769231,0.0,0.09230769230769231,0.046153846153846156,0.0,0.0,0.09230769230769231,0.0,0.0,0.0,0.06153846153846154,0.0,0.0,0.07692307692307693,0.0,0.09230769230769231,0.0,0.0,0.0,0.0,0.0,0.0,0.0,0.0
TP8,0.0,0.0,0.0,0.024793388429752067,0.0,0.06611570247933884,0.0,0.0,0.0,0.0,0.0,0.01652892561983471,0.03305785123966942,0.0,0.0,0.0,0.01652892561983471,0.0,0.0,0.0,0.10743801652892562,0.08264462809917356,0.0,0.03305785123966942,0.10743801652892562,0.0,0.0,0.0,0.0,0.0,0.0,0.0,0.03305785123966942,0.0,0.0,0.03305785123966942,0.0,0.0,0.0,0.10743801652892562,0.0,0.0,0.0,0.01652892561983471,0.0,0.0,0.03305785123966942,0.0,0.0,0.0,0.0,0.0,0.11570247933884298,0.0,0.0,0.0,0.11570247933884298,0.0,0.024793388429752067,0.0,0.0,0.03305785123966942
C6,0.0,0.0,0.0,0.0,0.0,0.0,0.0,0.0,0.0,0.0,0.0,0.0,0.0,0.1206896551724138,0.0,0.0,0.0,0.0,0.0,0.06896551724137931,0.0,0.0,0.017241379310344827,0.0,0.0,0.0,0.0,0.0,0.0,0.0603448275862069,0.0,0.04310344827586207,0.0,0.0,0.0,0.0,0.0,0.14655172413793102,0.06896551724137931,0.0,0.08620689655172414,0.034482758620689655,0.0,0.0,0.06896551724137931,0.0,0.0,0.0,0.04310344827586207,0.0,0.0,0.05172413793103448,0.0,0.1896551724137931,0.0,0.0,0.0,0.0,0.0,0.0,0.0,0.0
C2,0.0,0.0,0.0,0.0,0.0,0.0,0.0,0.0,0.0,0.0,0.0,0.0,0.0,0.0,0.0,0.0,0.0,0.0,0.0,0.0,0.0,0.0,0.0,0.0,0.0,0.0,0.0,0.0,0.0,0.0,0.0,0.0,0.0,0.0,0.0,0.0,0.0,0.0,0.0,0.0,0.0,0.0,0.0,0.0,0.0,0.0,0.0,0.0,0.0,0.0,0.0,0.0,0.0,0.0,0.0,0.0,0.0,0.0,0.0,0.0,0.0,0.0
FC4,0.0,0.0,0.0,0.0,0.0,0.0,0.0,0.0,0.0,0.0,0.0,0.0,0.0,0.0,0.0,0.0,0.0,0.0,0.0,0.0,0.0,0.0,0.0,0.0,0.0,0.0,0.0,0.0,0.0,0.0,0.0,0.0,0.0,0.0,0.0,0.0,0.0,0.0,0.0,0.0,0.0,0.0,0.0,0.0,0.0,0.0,0.0,0.0,0.0,0.0,0.0,0.0,0.0,0.0,0.0,0.0,0.0,0.0,0.0,0.0,0.0,0.0
FT8,0.0,0.0,0.0,0.023622047244094488,0.0,0.06299212598425197,0.0,0.0,0.0,0.0,0.0,0.015748031496062992,0.031496062992125984,0.0,0.0,0.0,0.015748031496062992,0.0,0.0,0.0,0.10236220472440945,0.07874015748031496,0.0,0.031496062992125984,0.10236220472440945,0.0,0.0,0.0,0.0,0.0,0.0,0.0,0.031496062992125984,0.0,0.0,0.031496062992125984,0.0,0.0,0.0,0.11023622047244094,0.0,0.0,0.0,0.015748031496062992,0.0,0.0,0.031496062992125984,0.0,0.0,0.0,0.0,0.0,0.11811023622047244,0.0,0.0,0.0,0.14173228346456693,0.0,0.023622047244094488,0.0,0.0,0.031496062992125984
F6,0.0,0.0,0.0,0.0,0.0,0.0,0.0,0.0,0.0,0.0,0.0,0.0,0.0,0.0,0.0,0.0,0.0,0.0,0.0,0.0,0.0,0.0,0.0,0.0,0.0,0.0,0.0,0.0,0.0,0.0,0.0,0.0,0.0,0.0,0.0,0.0,0.0,0.0,0.0,0.0,0.0,0.0,0.0,0.0,0.0,0.0,0.0,0.0,0.0,0.0,0.0,0.0,0.0,0.0,0.0,0.0,0.0,0.0,0.0,0.0,0.0,0.0
AF8,0.0,0.0,0.0,0.046875,0.0,0.0625,0.0,0.0,0.0,0.0,0.0,0.03125,0.0625,0.0,0.0,0.0,0.03125,0.0,0.0,0.0,0.0625,0.0625,0.0,0.0625,0.0625,0.0,0.0,0.0,0.0,0.0,0.0,0.0,0.0625,0.0,0.0,0.0625,0.0,0.0,0.0,0.0625,0.0,0.0,0.0,0.03125,0.0,0.0,0.0625,0.0,0.0,0.0,0.0,0.0,0.0625,0.0,0.0,0.0,0.0625,0.0,0.046875,0.0,0.0,0.0625
AF4,0.0,0.0,0.0,0.0,0.0,0.0,0.0,0.0,0.0,0.0,0.0,0.0,0.0,0.0,0.0,0.0,0.0,0.0,0.0,0.0,0.0,0.0,0.0,0.0,0.0,0.0,0.0,0.0,0.0,0.0,0.0,0.0,0.0,0.0,0.0,0.0,0.0,0.0,0.0,0.0,0.0,0.0,0.0,0.0,0.0,0.0,0.0,0.0,0.0,0.0,0.0,0.0,0.0,0.0,0.0,0.0,0.0,0.0,0.0,0.0,0.0,0.0
F2,0.0,0.0,0.0,0.0,0.0,0.0,0.0,0.0,0.0,0.0,0.0,0.0,0.0,0.0,0.0,0.0,0.0,0.0,0.0,0.0,0.0,0.0,0.0,0.0,0.0,0.0,0.0,0.0,0.0,0.0,0.0,0.0,0.0,0.0,0.0,0.0,0.0,0.0,0.0,0.0,0.0,0.0,0.0,0.0,0.0,0.0,0.0,0.0,0.0,0.0,0.0,0.0,0.0,0.0,0.0,0.0,0.0,0.0,0.0,0.0,0.0,0.0
FCz,0.0,0.0,0.0,0.04225352112676056,0.0,0.07042253521126761,0.0,0.0,0.0,0.0,0.0,0.028169014084507043,0.056338028169014086,0.0,0.0,0.0,0.028169014084507043,0.0,0.0,0.0,0.07042253521126761,0.07042253521126761,0.0,0.056338028169014086,0.07042253521126761,0.0,0.0,0.0,0.0,0.0,0.0,0.0,0.056338028169014086,0.0,0.0,0.056338028169014086,0.0,0.0,0.0,0.07042253521126761,0.0,0.0,0.0,0.028169014084507043,0.0,0.0,0.056338028169014086,0.0,0.0,0.0,0.0,0.0,0.07042253521126761,0.0,0.0,0.0,0.07042253521126761,0.0,0.04225352112676056,0.0,0.0,0.056338028169014086
