,Fp1,Fz,F3,F7,FT9,FC5,FC1,C3,T7,TP9,CP5,CP1,Pz,P3,P7,O1,Oz,O2,P4,P8,TP10,CP6,CP2,Cz,C4,T8,FT10,FC6,FC2,F4,F8,Fp2,AF7,AF3,AFz,F1,F5,FT7,FC3,C1,C5,TP7,CP3,P1,P5,PO7,PO3,POz,PO4,PO8,P6,P2,CPz,CP4,TP8,C6,C2,FC4,FT8,F6,AF8,AF4,F2,FCz
Fp1,0.0,0.0,0.0,0.0,0.0,0.0,0.0,0.0,0.0,0.0,0.0,0.0,0.0,0.0,0.0,0.0,0.0,0.0,0.0,0.0,0.0,0.0,0.0,0.0,0.0,0.0,0.0,0.0,0.0,0.0,0.0,0.0,0.0,0.0,0.0,0.0,0.0,0.0,0.0,0.0,0.0,0.0,0.0,0.0,0.0,0.0,0.0,0.0,0.0,0.0,0.0,0.0,0.0,0.0,0.0,0.0,0.0,0.0,0.0,0.0,0.0,0.0,0.0,0.0
Fz,0.0,0.09433962264150944,0.05660377358490566,0.0,0.0,0.0,0.0,0.1069182389937107,0.0,0.0,0.0,0.0,0.0,0.03773584905660377,0.0,0.018867924528301886,0.0440251572327044,0.0,0.0,0.0,0.0,0.0,0.0440251572327044,0.0,0.0,0.0,0.006289308176100629,0.1069182389937107,0.0,0.0,0.0,0.03773584905660377,0.0,0.0,0.05660377358490566,0.0,0.031446540880503145,0.09433962264150944,0.0,0.0,0.0,0.0,0.0,0.0,0.0,0.0440251572327044,0.0,0.0,0.0,0.0,0.0,0.0,0.1069182389937107,0.0,0.10062893081761007,0.0,0.0,0.0,0.0,0.0,0.0,0.0,0.0,0.012578616352201259
F3,0.0,0.08181818181818182,0.07272727272727272,0.0,0.0,0.0,0.0,0.08181818181818182,0.0,0.0,0.0,0.0,0.0,0.045454545454545456,0.0,0.02727272727272727,0.05454545454545454,0.0,0.0,0.0,0.0,0.0,0.05454545454545454,0.0,0.0,0.0,0.00909090909090909,0.08181818181818182,0.0,0.0,0.0,0.05454545454545454,0.0,0.0,0.07272727272727272,0.0,0.045454545454545456,0.08181818181818182,0.0,0.0,0.0,0.0,0.0,0.0,0.0,0.05454545454545454,0.0,0.0,0.0,0.0,0.0,0.0,0.08181818181818182,0.0,0.08181818181818182,0.0,0.0,0.0,0.0,0.0,0.0,0.0,0.0,0.01818181818181818
F7,0.0,0.0,0.0,0.0,0.0,0.0,0.0,0.0,0.0,0.0,0.0,0.0,0.0,0.0,0.0,0.0,0.0,0.0,0.0,0.0,0.0,0.0,0.0,0.0,0.0,0.0,0.0,0.0,0.0,0.0,0.0,0.0,0.0,0.0,0.0,0.0,0.0,0.0,0.0,0.0,0.0,0.0,0.0,0.0,0.0,0.0,0.0,0.0,0.0,0.0,0.0,0.0,0.0,0.0,0.0,0.0,0.0,0.0,0.0,0.0,0.0,0.0,0.0,0.0
FT9,0.0,0.0,0.0,0.0,0.0,0.0,0.0,0.0,0.0,0.0,0.0,0.0,0.0,0.0,0.0,0.0,0.0,0.0,0.0,0.0,0.0,0.0,0.0,0.0,0.0,0.0,0.0,0.0,0.0,0.0,0.0,0.0,0.0,0.0,0.0,0.0,0.0,0.0,0.0,0.0,0.0,0.0,0.0,0.0,0.0,0.0,0.0,0.0,0.0,0.0,0.0,0.0,0.0,0.0,0.0,0.0,0.0,0.0,0.0,0.0,0.0,0.0,0.0,0.0
FC5,0.0,0.0,0.0,0.0,0.0,0.0,0.0,0.0,0.0,0.0,0.0,0.0,0.0,0.0,0.0,0.0,0.0,0.0,0.0,0.0,0.0,0.0,0.0,0.0,0.0,0.0,0.0,0.0,0.0,0.0,0.0,0.0,0.0,0.0,0.0,0.0,0.0,0.0,0.0,0.0,0.0,0.0,0.0,0.0,0.0,0.0,0.0,0.0,0.0,0.0,0.0,0.0,0.0,0.0,0.0,0.0,0.0,0.0,0.0,0.0,0.0,0.0,0.0,0.0
FC1,0.0,0.0,0.0,0.0,0.0,0.0,0.0,0.0,0.0,0.0,0.0,0.0,0.0,0.0,0.0,0.0,0.0,0.0,0.0,0.0,0.0,0.0,0.0,0.0,0.0,0.0,0.0,0.0,0.0,0.0,0.0,0.0,0.0,0.0,0.0,0.0,0.0,0.0,0.0,0.0,0.0,0.0,0.0,0.0,0.0,0.0,0.0,0.0,0.0,0.0,0.0,0.0,0.0,0.0,0.0,0.0,0.0,0.0,0.0,0.0,0.0,0.0,0.0,0.0
C3,0.0,0.0913978494623656,0.04838709677419355,0.0,0.0,0.0,0.0,0.13440860215053763,0.0,0.0,0.0,0.0,0.0,0.03763440860215054,0.0,0.016129032258064516,0.043010752688172046,0.0,0.0,0.0,0.0,0.0,0.03763440860215054,0.0,0.0,0.0,0.005376344086021506,0.10752688172043011,0.0,0.0,0.0,0.03225806451612903,0.0,0.0,0.04838709677419355,0.0,0.026881720430107527,0.0967741935483871,0.0,0.0,0.0,0.0,0.0,0.0,0.0,0.03763440860215054,0.0,0.0,0.0,0.0,0.0,0.0,0.12903225806451613,0.0,0.0967741935483871,0.0,0.0,0.0,0.0,0.0,0.0,0.0,0.0,0.010752688172043012
T7,0.0,0.0,0.0,0.0,0.0,0.0,0.0,0.0,0.0,0.0,0.0,0.0,0.0,0.0,0.0,0.0,0.0,0.0,0.0,0.0,0.0,0.0,0.0,0.0,0.0,0.0,0.0,0.0,0.0,0.0,0.0,0.0,0.0,0.0,0.0,0.0,0.0,0.0,0.0,0.0,0.0,0.0,0.0,0.0,0.0,0.0,0.0,0.0,0.0,0.0,0.0,0.0,0.0,0.0,0.0,0.0,0.0,0.0,0.0,0.0,0.0,0.0,0.0,0.0
TP9,0.0,0.0,0.0,0.0,0.0,0.0,0.0,0.0,0.0,0.0,0.0,0.0,0.0,0.0,0.0,0.0,0.0,0.0,0.0,0.0,0.0,0.0,0.0,0.0,0.0,0.0,0.0,0.0,0.0,0.0,0.0,0.0,0.0,0.0,0.0,0.0,0.0,0.0,0.0,0.0,0.0,0.0,0.0,0.0,0.0,0.0,0.0,0.0,0.0,0.0,0.0,0.0,0.0,0.0,0.0,0.0,0.0,0.0,0.0,0.0,0.0,0.0,0.0,0.0
CP5,0.0,0.0,0.0,0.0,0.0,0.0,0.0,0.0,0.0,0.0,0.0,0.0,0.0,0.0,0.0,0.0,0.0,0.0,0.0,0.0,0.0,0.0,0.0,0.0,0.0,0.0,0.0,0.0,0.0,0.0,0.0,0.0,0.0,0.0,0.0,0.0,0.0,0.0,0.0,0.0,0.0,0.0,0.0,0.0,0.0,0.0,0.0,0.0,0.0,0.0,0.0,0.0,0.0,0.0,0.0,0.0,0.0,0.0,0.0,0.0,0.0,0.0,0.0,0.0
CP1,0.0,0.0,0.0,0.0,0.0,0.0,0.0,0.0,0.0,0.0,0.0,0.030612244897959183,0.04081632653061224,0.0,0.0,0.0,0.0,0.0,0.0,0.04081632653061224,0.0,0.04081632653061224,0.0,0.04081632653061224,0.0,0.04081632653061224,0.0,0.0,0.04081632653061224,0.02040816326530612,0.0,0.0,0.0,0.04081632653061224,0.0,0.04081632653061224,0.0,0.0,0.04081632653061224,0.04081632653061224,0.04081632653061224,0.0,0.02040816326530612,0.04081632653061224,0.01020408163265306,0.0,0.04081632653061224,0.04081632653061224,0.04081632653061224,0.0,0.0,0.04081632653061224,0.0,0.030612244897959183,0.0,0.04081632653061224,0.04081632653061224,0.030612244897959183,0.04081632653061224,0.04081632653061224,0.0,0.04081632653061224,0.0,0.0
Pz,0.0,0.0,0.0,0.0,0.0,0.0,0.0,0.0,0.0,0.0,0.0,0.028037383177570093,0.037383177570093455,0.0,0.0,0.0,0.0,0.0,0.0,0.037383177570093455,0.0,0.037383177570093455,0.0,0.04672897196261682,0.0,0.04672897196261682,0.0,0.0,0.04672897196261682,0.018691588785046728,0.0,0.0,0.0,0.04672897196261682,0.0,0.04672897196261682,0.0,0.0,0.037383177570093455,0.04672897196261682,0.037383177570093455,0.0,0.018691588785046728,0.04672897196261682,0.009345794392523364,0.0,0.037383177570093455,0.037383177570093455,0.04672897196261682,0.0,0.0,0.037383177570093455,0.0,0.028037383177570093,0.0,0.04672897196261682,0.037383177570093455,0.028037383177570093,0.037383177570093455,0.037383177570093455,0.0,0.037383177570093455,0.0,0.0
P3,0.0,0.07142857142857142,0.0625,0.0,0.0,0.0,0.0,0.08035714285714286,0.0,0.0,0.0,0.0,0.0,0.07142857142857142,0.0,0.026785714285714284,0.08035714285714286,0.0,0.0,0.0,0.0,0.0,0.0625,0.0,0.0,0.0,0.008928571428571428,0.08035714285714286,0.0,0.0,0.0,0.05357142857142857,0.0,0.0,0.0625,0.0,0.044642857142857144,0.05357142857142857,0.0,0.0,0.0,0.0,0.0,0.0,0.0,0.0625,0.0,0.0,0.0,0.0,0.0,0.0,0.08035714285714286,0.0,0.08035714285714286,0.0,0.0,0.0,0.0,0.0,0.0,0.0,0.0,0.017857142857142856
P7,0.0,0.0,0.0,0.0,0.0,0.0,0.0,0.0,0.0,0.0,0.0,0.0,0.0,0.0,0.0,0.0,0.0,0.0,0.0,0.0,0.0,0.0,0.0,0.0,0.0,0.0,0.0,0.0,0.0,0.0,0.0,0.0,0.0,0.0,0.0,0.0,0.0,0.0,0.0,0.0,0.0,0.0,0.0,0.0,0.0,0.0,0.0,0.0,0.0,0.0,0.0,0.0,0.0,0.0,0.0,0.0,0.0,0.0,0.0,0.0,0.0,0.0,0.0,0.0
O1,0.0,0.06666666666666667,0.06666666666666667,0.0,0.0,0.0,0.0,0.06666666666666667,0.0,0.0,0.0,0.0,0.0,0.06666666666666667,0.0,0.044444444444444446,0.06666666666666667,0.0,0.0,0.0,0.0,0.0,0.06666666666666667,0.0,0.0,0.0,0.022222222222222223,0.06666666666666667,0.0,0.0,0.0,0.06666666666666667,0.0,0.0,0.06666666666666667,0.0,0.06666666666666667,0.06666666666666667,0.0,0.0,0.0,0.0,0.0,0.0,0.0,0.06666666666666667,0.0,0.0,0.0,0.0,0.0,0.0,0.06666666666666667,0.0,0.06666666666666667,0.0,0.0,0.0,0.0,0.0,0.0,0.0,0.0,0.0
Oz,0.0,0.07894736842105263,0.07017543859649122,0.0,0.0,0.0,0.0,0.07894736842105263,0.0,0.0,0.0,0.0,0.0,0.06140350877192982,0.0,0.02631578947368421,0.07017543859649122,0.0,0.0,0.0,0.0,0.0,0.06140350877192982,0.0,0.0,0.0,0.008771929824561403,0.07894736842105263,0.0,0.0,0.0,0.05263157894736842,0.0,0.0,0.07017543859649122,0.0,0.043859649122807015,0.06140350877192982,0.0,0.0,0.0,0.0,0.0,0.0,0.0,0.06140350877192982,0.0,0.0,0.0,0.0,0.0,0.0,0.07894736842105263,0.0,0.07894736842105263,0.0,0.0,0.0,0.0,0.0,0.0,0.0,0.0,0.017543859649122806
O2,0.0,0.0,0.0,0.0,0.0,0.0,0.0,0.0,0.0,0.0,0.0,0.0,0.0,0.0,0.0,0.0,0.0,0.0,0.0,0.0,0.0,0.0,0.0,0.0,0.0,0.0,0.0,0.0,0.0,0.0,0.0,0.0,0.0,0.0,0.0,0.0,0.0,0.0,0.0,0.0,0.0,0.0,0.0,0.0,0.0,0.0,0.0,0.0,0.0,0.0,0.0,0.0,0.0,0.0,0.0,0.0,0.0,0.0,0.0,0.0,0.0,0.0,0.0,0.0
P4,0.0,0.0,0.0,0.0,0.0,0.0,0.0,0.0,0.0,0.0,0.0,0.0,0.0,0.0,0.0,0.0,0.0,0.0,0.0,0.0,0.0,0.0,0.0,0.0,0.0,0.0,0.0,0.0,0.0,0.0,0.0,0.0,0.0,0.0,0.0,0.0,0.0,0.0,0.0,0.0,0.0,0.0,0.0,0.0,0.0,0.0,0.0,0.0,0.0,0.0,0.0,0.0,0.0,0.0,0.0,0.0,0.0,0.0,0.0,0.0,0.0,0.0,0.0,0.0
P8,0.0,0.0,0.0,0.0,0.0,0.0,0.0,0.0,0.0,0.0,0.0,0.028037383177570093,0.037383177570093455,0.0,0.0,0.0,0.0,0.0,0.0,0.037383177570093455,0.0,0.037383177570093455,0.0,0.04672897196261682,0.0,0.04672897196261682,0.0,0.0,0.04672897196261682,0.018691588785046728,0.0,0.0,0.0,0.04672897196261682,0.0,0.04672897196261682,0.0,0.0,0.037383177570093455,0.04672897196261682,0.037383177570093455,0.0,0.018691588785046728,0.04672897196261682,0.009345794392523364,0.0,0.037383177570093455,0.037383177570093455,0.04672897196261682,0.0,0.0,0.037383177570093455,0.0,0.028037383177570093,0.0,0.04672897196261682,0.037383177570093455,0.028037383177570093,0.037383177570093455,0.037383177570093455,0.0,0.037383177570093455,0.0,0.0
TP10,0.0,0.0,0.0,0.0,0.0,0.0,0.0,0.0,0.0,0.0,0.0,0.0,0.0,0.0,0.0,0.0,0.0,0.0,0.0,0.0,0.0,0.0,0.0,0.0,0.0,0.0,0.0,0.0,0.0,0.0,0.0,0.0,0.0,0.0,0.0,0.0,0.0,0.0,0.0,0.0,0.0,0.0,0.0,0.0,0.0,0.0,0.0,0.0,0.0,0.0,0.0,0.0,0.0,0.0,0.0,0.0,0.0,0.0,0.0,0.0,0.0,0.0,0.0,0.0
CP6,0.0,0.0,0.0,0.0,0.0,0.0,0.0,0.0,0.0,0.0,0.0,0.028037383177570093,0.037383177570093455,0.0,0.0,0.0,0.0,0.0,0.0,0.037383177570093455,0.0,0.037383177570093455,0.0,0.04672897196261682,0.0,0.04672897196261682,0.0,0.0,0.04672897196261682,0.018691588785046728,0.0,0.0,0.0,0.04672897196261682,0.0,0.04672897196261682,0.0,0.0,0.037383177570093455,0.04672897196261682,0.037383177570093455,0.0,0.018691588785046728,0.04672897196261682,0.009345794392523364,0.0,0.037383177570093455,0.037383177570093455,0.04672897196261682,0.0,0.0,0.037383177570093455,0.0,0.028037383177570093,0.0,0.04672897196261682,0.037383177570093455,0.028037383177570093,0.037383177570093455,0.037383177570093455,0.0,0.037383177570093455,0.0,0.0
CP2,0.0,0.07291666666666667,0.07291666666666667,0.0,0.0,0.0,0.0,0.07291666666666667,0.0,0.0,0.0,0.0,0.0,0.052083333333333336,0.0,0.03125,0.0625,0.0,0.0,0.0,0.0,0.0,0.0625,0.0,0.0,0.0,0.010416666666666666,0.07291666666666667,0.0,0.0,0.0,0.0625,0.0,0.0,0.07291666666666667,0.0,0.052083333333333336,0.07291666666666667,0.0,0.0,0.0,0.0,0.0,0.0,0.0,0.0625,0.0,0.0,0.0,0.0,0.0,0.0,0.07291666666666667,0.0,0.07291666666666667,0.0,0.0,0.0,0.0,0.0,0.0,0.0,0.0,0.020833333333333332
Cz,0.0,0.0,0.0,0.0,0.0,0.0,0.0,0.0,0.0,0.0,0.0,0.0196078431372549,0.026143790849673203,0.0,0.0,0.0,0.0,0.0,0.0,0.026143790849673203,0.0,0.026143790849673203,0.0,0.058823529411764705,0.0,0.06535947712418301,0.0,0.0,0.06535947712418301,0.013071895424836602,0.0,0.0,0.0,0.06535947712418301,0.0,0.0718954248366013,0.0,0.0,0.026143790849673203,0.06535947712418301,0.026143790849673203,0.0,0.013071895424836602,0.06535947712418301,0.006535947712418301,0.0,0.026143790849673203,0.026143790849673203,0.058823529411764705,0.0,0.0,0.026143790849673203,0.0,0.0196078431372549,0.0,0.06535947712418301,0.026143790849673203,0.0196078431372549,0.026143790849673203,0.026143790849673203,0.0,0.0392156862745098,0.0,0.0
C4,0.0,0.0,0.0,0.0,0.0,0.0,0.0,0.0,0.0,0.0,0.0,0.0,0.0,0.0,0.0,0.0,0.0,0.0,0.0,0.0,0.0,0.0,0.0,0.0,0.0,0.0,0.0,0.0,0.0,0.0,0.0,0.0,0.0,0.0,0.0,0.0,0.0,0.0,0.0,0.0,0.0,0.0,0.0,0.0,0.0,0.0,0.0,0.0,0.0,0.0,0.0,0.0,0.0,0.0,0.0,0.0,0.0,0.0,0.0,0.0,0.0,0.0,0.0,0.0
T8,0.0,0.0,0.0,0.0,0.0,0.0,0.0,0.0,0.0,0.0,0.0,0.016666666666666666,0.022222222222222223,0.0,0.0,0.0,0.0,0.0,0.0,0.022222222222222223,0.0,0.022222222222222223,0.0,0.05555555555555555,0.0,0.07777777777777778,0.0,0.0,0.07777777777777778,0.011111111111111112,0.0,0.0,0.0,0.07777777777777778,0.0,0.08333333333333333,0.0,0.0,0.022222222222222223,0.07777777777777778,0.022222222222222223,0.0,0.011111111111111112,0.06111111111111111,0.005555555555555556,0.0,0.022222222222222223,0.022222222222222223,0.06111111111111111,0.0,0.0,0.022222222222222223,0.0,0.016666666666666666,0.0,0.07222222222222222,0.022222222222222223,0.016666666666666666,0.022222222222222223,0.022222222222222223,0.0,0.03333333333333333,0.0,0.0
FT10,0.0,0.07692307692307693,0.07692307692307693,0.0,0.0,0.0,0.0,0.07692307692307693,0.0,0.0,0.0,0.0,0.0,0.0,0.0,0.0,0.07692307692307693,0.0,0.0,0.0,0.0,0.0,0.07692307692307693,0.0,0.0,0.0,0.0,0.07692307692307693,0.0,0.0,0.0,0.07692307692307693,0.0,0.0,0.07692307692307693,0.0,0.07692307692307693,0.07692307692307693,0.0,0.0,0.0,0.0,0.0,0.0,0.0,0.07692307692307693,0.0,0.0,0.0,0.0,0.0,0.0,0.07692307692307693,0.0,0.07692307692307693,0.0,0.0,0.0,0.0,0.0,0.0,0.0,0.0,0.0
FC6,0.0,0.096045197740113,0.05084745762711865,0.0,0.0,0.0,0.0,0.11864406779661017,0.0,0.0,0.0,0.0,0.0,0.03954802259887006,0.0,0.01694915254237288,0.04519774011299435,0.0,0.0,0.0,0.0,0.0,0.03954802259887006,0.0,0.0,0.0,0.005649717514124294,0.10734463276836158,0.0,0.0,0.0,0.03389830508474576,0.0,0.0,0.05084745762711865,0.0,0.02824858757062147,0.096045197740113,0.0,0.0,0.0,0.0,0.0,0.0,0.0,0.03954802259887006,0.0,0.0,0.0,0.0,0.0,0.0,0.11864406779661017,0.0,0.1016949152542373,0.0,0.0,0.0,0.0,0.0,0.0,0.0,0.0,0.011299435028248588
FC2,0.0,0.0,0.0,0.0,0.0,0.0,0.0,0.0,0.0,0.0,0.0,0.016666666666666666,0.022222222222222223,0.0,0.0,0.0,0.0,0.0,0.0,0.022222222222222223,0.0,0.022222222222222223,0.0,0.05555555555555555,0.0,0.07777777777777778,0.0,0.0,0.07777777777777778,0.011111111111111112,0.0,0.0,0.0,0.07777777777777778,0.0,0.08333333333333333,0.0,0.0,0.022222222222222223,0.07777777777777778,0.022222222222222223,0.0,0.011111111111111112,0.06111111111111111,0.005555555555555556,0.0,0.022222222222222223,0.022222222222222223,0.06111111111111111,0.0,0.0,0.022222222222222223,0.0,0.016666666666666666,0.0,0.07222222222222222,0.022222222222222223,0.016666666666666666,0.022222222222222223,0.022222222222222223,0.0,0.03333333333333333,0.0,0.0
F4,0.0,0.0,0.0,0.0,0.0,0.0,0.0,0.0,0.0,0.0,0.0,0.03896103896103896,0.03896103896103896,0.0,0.0,0.0,0.0,0.0,0.0,0.03896103896103896,0.0,0.03896103896103896,0.0,0.03896103896103896,0.0,0.03896103896103896,0.0,0.0,0.03896103896103896,0.025974025974025976,0.0,0.0,0.0,0.03896103896103896,0.0,0.03896103896103896,0.0,0.0,0.03896103896103896,0.03896103896103896,0.03896103896103896,0.0,0.025974025974025976,0.03896103896103896,0.012987012987012988,0.0,0.03896103896103896,0.03896103896103896,0.03896103896103896,0.0,0.0,0.03896103896103896,0.0,0.03896103896103896,0.0,0.03896103896103896,0.03896103896103896,0.03896103896103896,0.03896103896103896,0.03896103896103896,0.0,0.03896103896103896,0.0,0.0
F8,0.0,0.0,0.0,0.0,0.0,0.0,0.0,0.0,0.0,0.0,0.0,0.037037037037037035,0.037037037037037035,0.0,0.0,0.0,0.0,0.0,0.0,0.037037037037037035,0.0,0.037037037037037035,0.0,0.037037037037037035,0.0,0.037037037037037035,0.0,0.0,0.037037037037037035,0.037037037037037035,0.0,0.0,0.0,0.037037037037037035,0.0,0.037037037037037035,0.0,0.0,0.037037037037037035,0.037037037037037035,0.037037037037037035,0.0,0.037037037037037035,0.037037037037037035,0.037037037037037035,0.0,0.037037037037037035,0.037037037037037035,0.037037037037037035,0.0,0.0,0.037037037037037035,0.0,0.037037037037037035,0.0,0.037037037037037035,0.037037037037037035,0.037037037037037035,0.037037037037037035,0.037037037037037035,0.0,0.037037037037037035,0.0,0.0
Fp2,0.0,0.07317073170731707,0.07317073170731707,0.0,0.0,0.0,0.0,0.07317073170731707,0.0,0.0,0.0,0.0,0.0,0.04878048780487805,0.0,0.036585365853658534,0.06097560975609756,0.0,0.0,0.0,0.0,0.0,0.06097560975609756,0.0,0.0,0.0,0.012195121951219513,0.07317073170731707,0.0,0.0,0.0,0.06097560975609756,0.0,0.0,0.07317073170731707,0.0,0.06097560975609756,0.07317073170731707,0.0,0.0,0.0,0.0,0.0,0.0,0.0,0.06097560975609756,0.0,0.0,0.0,0.0,0.0,0.0,0.07317073170731707,0.0,0.07317073170731707,0.0,0.0,0.0,0.0,0.0,0.0,0.0,0.0,0.012195121951219513
AF7,0.0,0.0,0.0,0.0,0.0,0.0,0.0,0.0,0.0,0.0,0.0,0.0,0.0,0.0,0.0,0.0,0.0,0.0,0.0,0.0,0.0,0.0,0.0,0.0,0.0,0.0,0.0,0.0,0.0,0.0,0.0,0.0,0.0,0.0,0.0,0.0,0.0,0.0,0.0,0.0,0.0,0.0,0.0,0.0,0.0,0.0,0.0,0.0,0.0,0.0,0.0,0.0,0.0,0.0,0.0,0.0,0.0,0.0,0.0,0.0,0.0,0.0,0.0,0.0
AF3,0.0,0.0,0.0,0.0,0.0,0.0,0.0,0.0,0.0,0.0,0.0,0.016666666666666666,0.022222222222222223,0.0,0.0,0.0,0.0,0.0,0.0,0.022222222222222223,0.0,0.022222222222222223,0.0,0.05555555555555555,0.0,0.07777777777777778,0.0,0.0,0.07777777777777778,0.011111111111111112,0.0,0.0,0.0,0.07777777777777778,0.0,0.08333333333333333,0.0,0.0,0.022222222222222223,0.07777777777777778,0.022222222222222223,0.0,0.011111111111111112,0.06111111111111111,0.005555555555555556,0.0,0.022222222222222223,0.022222222222222223,0.06111111111111111,0.0,0.0,0.022222222222222223,0.0,0.016666666666666666,0.0,0.07222222222222222,0.022222222222222223,0.016666666666666666,0.022222222222222223,0.022222222222222223,0.0,0.03333333333333333,0.0,0.0
AFz,0.0,0.08181818181818182,0.07272727272727272,0.0,0.0,0.0,0.0,0.08181818181818182,0.0,0.0,0.0,0.0,0.0,0.045454545454545456,0.0,0.02727272727272727,0.05454545454545454,0.0,0.0,0.0,0.0,0.0,0.05454545454545454,0.0,0.0,0.0,0.00909090909090909,0.08181818181818182,0.0,0.0,0.0,0.05454545454545454,0.0,0.0,0.07272727272727272,0.0,0.045454545454545456,0.08181818181818182,0.0,0.0,0.0,0.0,0.0,0.0,0.0,0.05454545454545454,0.0,0.0,0.0,0.0,0.0,0.0,0.08181818181818182,0.0,0.08181818181818182,0.0,0.0,0.0,0.0,0.0,0.0,0.0,0.0,0.01818181818181818
F1,0.0,0.0,0.0,0.0,0.0,0.0,0.0,0.0,0.0,0.0,0.0,0.016042780748663103,0.0213903743315508,0.0053475935828877,0.0,0.0,0.0,0.0,0.0,0.0213903743315508,0.0,0.0213903743315508,0.0,0.053475935828877004,0.0,0.08021390374331551,0.0,0.0,0.08021390374331551,0.0106951871657754,0.0,0.0,0.0,0.08021390374331551,0.0,0.0855614973262032,0.0,0.0,0.0213903743315508,0.08021390374331551,0.0213903743315508,0.0,0.0106951871657754,0.058823529411764705,0.0053475935828877,0.0,0.0213903743315508,0.0213903743315508,0.058823529411764705,0.0,0.0,0.0213903743315508,0.0,0.016042780748663103,0.0,0.0748663101604278,0.0213903743315508,0.016042780748663103,0.0213903743315508,0.0213903743315508,0.0,0.03208556149732621,0.0,0.0
F5,0.0,0.07575757575757576,0.07575757575757576,0.0,0.0,0.0,0.0,0.07575757575757576,0.0,0.0,0.0,0.0,0.0,0.045454545454545456,0.0,0.030303030303030304,0.06060606060606061,0.0,0.0,0.0,0.0,0.0,0.06060606060606061,0.0,0.0,0.0,0.015151515151515152,0.07575757575757576,0.0,0.0,0.0,0.06060606060606061,0.0,0.0,0.07575757575757576,0.0,0.06060606060606061,0.07575757575757576,0.0,0.0,0.0,0.0,0.0,0.0,0.0,0.06060606060606061,0.0,0.0,0.0,0.0,0.0,0.0,0.07575757575757576,0.0,0.07575757575757576,0.0,0.0,0.0,0.0,0.0,0.0,0.0,0.0,0.0
FT7,0.0,0.09285714285714286,0.05,0.0,0.0,0.0,0.0,0.12142857142857143,0.0,0.0,0.0,0.0,0.0,0.02857142857142857,0.0,0.02142857142857143,0.03571428571428571,0.0,0.0,0.0,0.0,0.0,0.03571428571428571,0.0,0.0,0.0,0.007142857142857143,0.10714285714285714,0.0,0.0,0.0,0.03571428571428571,0.0,0.0,0.05,0.0,0.03571428571428571,0.11428571428571428,0.0,0.0,0.0,0.0,0.0,0.0,0.0,0.03571428571428571,0.0,0.0,0.0,0.0,0.0,0.0,0.12142857142857143,0.0,0.1,0.0,0.0,0.0,0.0,0.0,0.0,0.0,0.0,0.007142857142857143
FC3,0.0,0.0,0.0,0.0,0.0,0.0,0.0,0.0,0.0,0.0,0.0,0.028037383177570093,0.037383177570093455,0.0,0.0,0.0,0.0,0.0,0.0,0.037383177570093455,0.0,0.037383177570093455,0.0,0.04672897196261682,0.0,0.04672897196261682,0.0,0.0,0.04672897196261682,0.018691588785046728,0.0,0.0,0.0,0.04672897196261682,0.0,0.04672897196261682,0.0,0.0,0.037383177570093455,0.04672897196261682,0.037383177570093455,0.0,0.018691588785046728,0.04672897196261682,0.009345794392523364,0.0,0.037383177570093455,0.037383177570093455,0.04672897196261682,0.0,0.0,0.037383177570093455,0.0,0.028037383177570093,0.0,0.04672897196261682,0.037383177570093455,0.028037383177570093,0.037383177570093455,0.037383177570093455,0.0,0.037383177570093455,0.0,0.0
C1,0.0,0.0,0.0,0.0,0.0,0.0,0.0,0.0,0.0,0.0,0.0,0.016129032258064516,0.021505376344086023,0.0,0.0,0.0,0.0,0.0,0.0,0.021505376344086023,0.0,0.021505376344086023,0.0,0.053763440860215055,0.0,0.08064516129032258,0.0,0.0,0.08064516129032258,0.010752688172043012,0.0,0.0,0.0,0.08064516129032258,0.0,0.08602150537634409,0.0,0.0,0.021505376344086023,0.08064516129032258,0.021505376344086023,0.0,0.010752688172043012,0.05913978494623656,0.005376344086021506,0.0,0.021505376344086023,0.021505376344086023,0.05913978494623656,0.0,0.0,0.021505376344086023,0.0,0.016129032258064516,0.0,0.07526881720430108,0.021505376344086023,0.016129032258064516,0.021505376344086023,0.021505376344086023,0.0,0.03225806451612903,0.0,0.0
C5,0.0,0.0,0.0,0.0,0.0,0.0,0.0,0.0,0.0,0.0,0.0,0.028037383177570093,0.037383177570093455,0.0,0.0,0.0,0.0,0.0,0.0,0.037383177570093455,0.0,0.037383177570093455,0.0,0.04672897196261682,0.0,0.04672897196261682,0.0,0.0,0.04672897196261682,0.018691588785046728,0.0,0.0,0.0,0.04672897196261682,0.0,0.04672897196261682,0.0,0.0,0.037383177570093455,0.04672897196261682,0.037383177570093455,0.0,0.018691588785046728,0.04672897196261682,0.009345794392523364,0.0,0.037383177570093455,0.037383177570093455,0.04672897196261682,0.0,0.0,0.037383177570093455,0.0,0.028037383177570093,0.0,0.04672897196261682,0.037383177570093455,0.028037383177570093,0.037383177570093455,0.037383177570093455,0.0,0.037383177570093455,0.0,0.0
TP7,0.0,0.0,0.0,0.0,0.0,0.0,0.0,0.0,0.0,0.0,0.0,0.0,0.0,0.0,0.0,0.0,0.0,0.0,0.0,0.0,0.0,0.0,0.0,0.0,0.0,0.0,0.0,0.0,0.0,0.0,0.0,0.0,0.0,0.0,0.0,0.0,0.0,0.0,0.0,0.0,0.0,0.0,0.0,0.0,0.0,0.0,0.0,0.0,0.0,0.0,0.0,0.0,0.0,0.0,0.0,0.0,0.0,0.0,0.0,0.0,0.0,0.0,0.0,0.0
CP3,0.0,0.0,0.0,0.0,0.0,0.0,0.0,0.0,0.0,0.0,0.0,0.03896103896103896,0.03896103896103896,0.0,0.0,0.0,0.0,0.0,0.0,0.03896103896103896,0.0,0.03896103896103896,0.0,0.03896103896103896,0.0,0.03896103896103896,0.0,0.0,0.03896103896103896,0.025974025974025976,0.0,0.0,0.0,0.03896103896103896,0.0,0.03896103896103896,0.0,0.0,0.03896103896103896,0.03896103896103896,0.03896103896103896,0.0,0.025974025974025976,0.03896103896103896,0.012987012987012988,0.0,0.03896103896103896,0.03896103896103896,0.03896103896103896,0.0,0.0,0.03896103896103896,0.0,0.03896103896103896,0.0,0.03896103896103896,0.03896103896103896,0.03896103896103896,0.03896103896103896,0.03896103896103896,0.0,0.03896103896103896,0.0,0.0
P1,0.0,0.0,0.0,0.0,0.0,0.0,0.0,0.0,0.0,0.0,0.0,0.018867924528301886,0.025157232704402517,0.0,0.0,0.0,0.0,0.0,0.0,0.025157232704402517,0.0,0.025157232704402517,0.0,0.05660377358490566,0.0,0.06918238993710692,0.0,0.0,0.06918238993710692,0.012578616352201259,0.0,0.0,0.0,0.06918238993710692,0.0,0.07547169811320754,0.0,0.0,0.025157232704402517,0.06918238993710692,0.025157232704402517,0.0,0.012578616352201259,0.06289308176100629,0.006289308176100629,0.0,0.025157232704402517,0.025157232704402517,0.05660377358490566,0.0,0.0,0.025157232704402517,0.0,0.018867924528301886,0.0,0.06918238993710692,0.025157232704402517,0.018867924528301886,0.025157232704402517,0.025157232704402517,0.0,0.03773584905660377,0.0,0.0
P5,0.0,0.0,0.0,0.0,0.0,0.0,0.0,0.0,0.0,0.0,0.0,0.03773584905660377,0.03773584905660377,0.0,0.0,0.0,0.0,0.0,0.0,0.03773584905660377,0.0,0.03773584905660377,0.0,0.03773584905660377,0.0,0.03773584905660377,0.0,0.0,0.03773584905660377,0.03773584905660377,0.0,0.0,0.0,0.03773584905660377,0.0,0.03773584905660377,0.0,0.0,0.03773584905660377,0.03773584905660377,0.03773584905660377,0.0,0.03773584905660377,0.03773584905660377,0.018867924528301886,0.0,0.03773584905660377,0.03773584905660377,0.03773584905660377,0.0,0.0,0.03773584905660377,0.0,0.03773584905660377,0.0,0.03773584905660377,0.03773584905660377,0.03773584905660377,0.03773584905660377,0.03773584905660377,0.0,0.03773584905660377,0.0,0.0
PO7,0.0,0.07291666666666667,0.07291666666666667,0.0,0.0,0.0,0.0,0.07291666666666667,0.0,0.0,0.0,0.0,0.0,0.052083333333333336,0.0,0.03125,0.0625,0.0,0.0,0.0,0.0,0.0,0.0625,0.0,0.0,0.0,0.010416666666666666,0.07291666666666667,0.0,0.0,0.0,0.0625,0.0,0.0,0.07291666666666667,0.0,0.052083333333333336,0.07291666666666667,0.0,0.0,0.0,0.0,0.0,0.0,0.0,0.0625,0.0,0.0,0.0,0.0,0.0,0.0,0.07291666666666667,0.0,0.07291666666666667,0.0,0.0,0.0,0.0,0.0,0.0,0.0,0.0,0.020833333333333332
PO3,0.0,0.0,0.0,0.0,0.0,0.0,0.0,0.0,0.0,0.0,0.0,0.028037383177570093,0.037383177570093455,0.0,0.0,0.0,0.0,0.0,0.0,0.037383177570093455,0.0,0.037383177570093455,0.0,0.04672897196261682,0.0,0.04672897196261682,0.0,0.0,0.04672897196261682,0.018691588785046728,0.0,0.0,0.0,0.04672897196261682,0.0,0.04672897196261682,0.0,0.0,0.037383177570093455,0.04672897196261682,0.037383177570093455,0.0,0.018691588785046728,0.04672897196261682,0.009345794392523364,0.0,0.037383177570093455,0.037383177570093455,0.04672897196261682,0.0,0.0,0.037383177570093455,0.0,0.028037383177570093,0.0,0.04672897196261682,0.037383177570093455,0.028037383177570093,0.037383177570093455,0.037383177570093455,0.0,0.037383177570093455,0.0,0.0
POz,0.0,0.0,0.0,0.0,0.0,0.0,0.0,0.0,0.0,0.0,0.0,0.028037383177570093,0.037383177570093455,0.0,0.0,0.0,0.0,0.0,0.0,0.037383177570093455,0.0,0.037383177570093455,0.0,0.04672897196261682,0.0,0.04672897196261682,0.0,0.0,0.04672897196261682,0.018691588785046728,0.0,0.0,0.0,0.04672897196261682,0.0,0.04672897196261682,0.0,0.0,0.037383177570093455,0.04672897196261682,0.037383177570093455,0.0,0.018691588785046728,0.04672897196261682,0.009345794392523364,0.0,0.037383177570093455,0.037383177570093455,0.04672897196261682,0.0,0.0,0.037383177570093455,0.0,0.028037383177570093,0.0,0.04672897196261682,0.037383177570093455,0.028037383177570093,0.037383177570093455,0.037383177570093455,0.0,0.037383177570093455,0.0,0.0
PO4,0.0,0.0,0.0,0.0,0.0,0.0,0.0,0.0,0.0,0.0,0.0,0.018518518518518517,0.024691358024691357,0.0,0.0,0.0,0.0,0.0,0.0,0.024691358024691357,0.0,0.024691358024691357,0.0,0.06172839506172839,0.0,0.06790123456790123,0.0,0.0,0.06790123456790123,0.012345679012345678,0.0,0.0,0.0,0.06790123456790123,0.0,0.07407407407407407,0.0,0.0,0.024691358024691357,0.06790123456790123,0.024691358024691357,0.0,0.012345679012345678,0.06790123456790123,0.006172839506172839,0.0,0.024691358024691357,0.024691358024691357,0.06172839506172839,0.0,0.0,0.024691358024691357,0.0,0.018518518518518517,0.0,0.06790123456790123,0.024691358024691357,0.018518518518518517,0.024691358024691357,0.024691358024691357,0.0,0.037037037037037035,0.0,0.0
PO8,0.0,0.0,0.0,0.0,0.0,0.0,0.0,0.0,0.0,0.0,0.0,0.0,0.0,0.0,0.0,0.0,0.0,0.0,0.0,0.0,0.0,0.0,0.0,0.0,0.0,0.0,0.0,0.0,0.0,0.0,0.0,0.0,0.0,0.0,0.0,0.0,0.0,0.0,0.0,0.0,0.0,0.0,0.0,0.0,0.0,0.0,0.0,0.0,0.0,0.0,0.0,0.0,0.0,0.0,0.0,0.0,0.0,0.0,0.0,0.0,0.0,0.0,0.0,0.0
P6,0.0,0.0,0.0,0.0,0.0,0.0,0.0,0.0,0.0,0.0,0.0,0.0,0.0,0.0,0.0,0.0,0.0,0.0,0.0,0.0,0.0,0.0,0.0,0.0,0.0,0.0,0.0,0.0,0.0,0.0,0.0,0.0,0.0,0.0,0.0,0.0,0.0,0.0,0.0,0.0,0.0,0.0,0.0,0.0,0.0,0.0,0.0,0.0,0.0,0.0,0.0,0.0,0.0,0.0,0.0,0.0,0.0,0.0,0.0,0.0,0.0,0.0,0.0,0.0
P2,0.0,0.0,0.0,0.0,0.0,0.0,0.0,0.0,0.0,0.0,0.0,0.028037383177570093,0.037383177570093455,0.0,0.0,0.0,0.0,0.0,0.0,0.037383177570093455,0.0,0.037383177570093455,0.0,0.04672897196261682,0.0,0.04672897196261682,0.0,0.0,0.04672897196261682,0.018691588785046728,0.0,0.0,0.0,0.04672897196261682,0.0,0.04672897196261682,0.0,0.0,0.037383177570093455,0.04672897196261682,0.037383177570093455,0.0,0.018691588785046728,0.04672897196261682,0.009345794392523364,0.0,0.037383177570093455,0.037383177570093455,0.04672897196261682,0.0,0.0,0.037383177570093455,0.0,0.028037383177570093,0.0,0.04672897196261682,0.037383177570093455,0.028037383177570093,0.037383177570093455,0.037383177570093455,0.0,0.037383177570093455,0.0,0.0
CPz,0.0,0.0918918918918919,0.04864864864864865,0.0,0.0,0.0,0.0,0.12972972972972974,0.0,0.0,0.0,0.0,0.0,0.03783783783783784,0.0,0.016216216216216217,0.043243243243243246,0.0,0.0,0.0,0.0,0.0,0.03783783783783784,0.0,0.0,0.0,0.005405405405405406,0.10810810810810811,0.0,0.0,0.0,0.032432432432432434,0.0,0.0,0.04864864864864865,0.0,0.02702702702702703,0.0972972972972973,0.0,0.0,0.0,0.0,0.0,0.0,0.0,0.03783783783783784,0.0,0.0,0.0,0.0,0.0,0.0,0.12972972972972974,0.0,0.0972972972972973,0.0,0.0,0.0,0.0,0.0,0.0,0.0,0.0,0.010810810810810811
CP4,0.0,0.0,0.0,0.0,0.0,0.0,0.0,0.0,0.0,0.0,0.0,0.030612244897959183,0.04081632653061224,0.0,0.0,0.0,0.0,0.0,0.0,0.04081632653061224,0.0,0.04081632653061224,0.0,0.04081632653061224,0.0,0.04081632653061224,0.0,0.0,0.04081632653061224,0.02040816326530612,0.0,0.0,0.0,0.04081632653061224,0.0,0.04081632653061224,0.0,0.0,0.04081632653061224,0.04081632653061224,0.04081632653061224,0.0,0.02040816326530612,0.04081632653061224,0.01020408163265306,0.0,0.04081632653061224,0.04081632653061224,0.04081632653061224,0.0,0.0,0.04081632653061224,0.0,0.030612244897959183,0.0,0.04081632653061224,0.04081632653061224,0.030612244897959183,0.04081632653061224,0.04081632653061224,0.0,0.04081632653061224,0.0,0.0
TP8,0.0,0.09523809523809523,0.05357142857142857,0.0,0.0,0.0,0.0,0.1130952380952381,0.0,0.0,0.0,0.0,0.0,0.041666666666666664,0.0,0.017857142857142856,0.047619047619047616,0.0,0.0,0.0,0.0,0.0,0.041666666666666664,0.0,0.0,0.0,0.005952380952380952,0.10714285714285714,0.0,0.0,0.0,0.03571428571428571,0.0,0.0,0.05357142857142857,0.0,0.02976190476190476,0.08928571428571429,0.0,0.0,0.0,0.0,0.0,0.0,0.0,0.041666666666666664,0.0,0.0,0.0,0.0,0.0,0.0,0.1130952380952381,0.0,0.10119047619047619,0.0,0.0,0.0,0.0,0.0,0.0,0.0,0.0,0.011904761904761904
C6,0.0,0.0,0.0,0.0,0.0,0.0,0.0,0.0,0.0,0.0,0.0,0.016666666666666666,0.022222222222222223,0.0,0.0,0.0,0.0,0.0,0.0,0.022222222222222223,0.0,0.022222222222222223,0.0,0.05555555555555555,0.0,0.07777777777777778,0.0,0.0,0.07777777777777778,0.011111111111111112,0.0,0.0,0.0,0.07777777777777778,0.0,0.08333333333333333,0.0,0.0,0.022222222222222223,0.07777777777777778,0.022222222222222223,0.0,0.011111111111111112,0.06111111111111111,0.005555555555555556,0.0,0.022222222222222223,0.022222222222222223,0.06111111111111111,0.0,0.0,0.022222222222222223,0.0,0.016666666666666666,0.0,0.07222222222222222,0.022222222222222223,0.016666666666666666,0.022222222222222223,0.022222222222222223,0.0,0.03333333333333333,0.0,0.0
C2,0.0,0.0,0.0,0.0,0.0,0.0,0.0,0.0,0.0,0.0,0.0,0.028037383177570093,0.037383177570093455,0.0,0.0,0.0,0.0,0.0,0.0,0.037383177570093455,0.0,0.037383177570093455,0.0,0.04672897196261682,0.0,0.04672897196261682,0.0,0.0,0.04672897196261682,0.018691588785046728,0.0,0.0,0.0,0.04672897196261682,0.0,0.04672897196261682,0.0,0.0,0.037383177570093455,0.04672897196261682,0.037383177570093455,0.0,0.018691588785046728,0.04672897196261682,0.009345794392523364,0.0,0.037383177570093455,0.037383177570093455,0.04672897196261682,0.0,0.0,0.037383177570093455,0.0,0.028037383177570093,0.0,0.04672897196261682,0.037383177570093455,0.028037383177570093,0.037383177570093455,0.037383177570093455,0.0,0.037383177570093455,0.0,0.0
FC4,0.0,0.0,0.0,0.0,0.0,0.0,0.0,0.0,0.0,0.0,0.0,0.030612244897959183,0.04081632653061224,0.0,0.0,0.0,0.0,0.0,0.0,0.04081632653061224,0.0,0.04081632653061224,0.0,0.04081632653061224,0.0,0.04081632653061224,0.0,0.0,0.04081632653061224,0.02040816326530612,0.0,0.0,0.0,0.04081632653061224,0.0,0.04081632653061224,0.0,0.0,0.04081632653061224,0.04081632653061224,0.04081632653061224,0.0,0.02040816326530612,0.04081632653061224,0.01020408163265306,0.0,0.04081632653061224,0.04081632653061224,0.04081632653061224,0.0,0.0,0.04081632653061224,0.0,0.030612244897959183,0.0,0.04081632653061224,0.04081632653061224,0.030612244897959183,0.04081632653061224,0.04081632653061224,0.0,0.04081632653061224,0.0,0.0
FT8,0.0,0.0,0.0,0.0,0.0,0.0,0.0,0.0,0.0,0.0,0.0,0.028037383177570093,0.037383177570093455,0.0,0.0,0.0,0.0,0.0,0.0,0.037383177570093455,0.0,0.037383177570093455,0.0,0.04672897196261682,0.0,0.04672897196261682,0.0,0.0,0.04672897196261682,0.018691588785046728,0.0,0.0,0.0,0.04672897196261682,0.0,0.04672897196261682,0.0,0.0,0.037383177570093455,0.04672897196261682,0.037383177570093455,0.0,0.018691588785046728,0.04672897196261682,0.009345794392523364,0.0,0.037383177570093455,0.037383177570093455,0.04672897196261682,0.0,0.0,0.037383177570093455,0.0,0.028037383177570093,0.0,0.04672897196261682,0.037383177570093455,0.028037383177570093,0.037383177570093455,0.037383177570093455,0.0,0.037383177570093455,0.0,0.0
F6,0.0,0.0,0.0,0.0,0.0,0.0,0.0,0.0,0.0,0.0,0.0,0.028037383177570093,0.037383177570093455,0.0,0.0,0.0,0.0,0.0,0.0,0.037383177570093455,0.0,0.037383177570093455,0.0,0.04672897196261682,0.0,0.04672897196261682,0.0,0.0,0.04672897196261682,0.018691588785046728,0.0,0.0,0.0,0.04672897196261682,0.0,0.04672897196261682,0.0,0.0,0.037383177570093455,0.04672897196261682,0.037383177570093455,0.0,0.018691588785046728,0.04672897196261682,0.009345794392523364,0.0,0.037383177570093455,0.037383177570093455,0.04672897196261682,0.0,0.0,0.037383177570093455,0.0,0.028037383177570093,0.0,0.04672897196261682,0.037383177570093455,0.028037383177570093,0.037383177570093455,0.037383177570093455,0.0,0.037383177570093455,0.0,0.0
AF8,0.0,0.0,0.0,0.0,0.0,0.0,0.0,0.0,0.0,0.0,0.0,0.0,0.0,0.0,0.0,0.0,0.0,0.0,0.0,0.0,0.0,0.0,0.0,0.0,0.0,0.0,0.0,0.0,0.0,0.0,0.0,0.0,0.0,0.0,0.0,0.0,0.0,0.0,0.0,0.0,0.0,0.0,0.0,0.0,0.0,0.0,0.0,0.0,0.0,0.0,0.0,0.0,0.0,0.0,0.0,0.0,0.0,0.0,0.0,0.0,0.0,0.0,0.0,0.0
AF4,0.0,0.0,0.0,0.0,0.0,0.0,0.0,0.0,0.0,0.0,0.0,0.023809523809523808,0.031746031746031744,0.0,0.0,0.0,0.0,0.0,0.0,0.031746031746031744,0.0,0.031746031746031744,0.0,0.05555555555555555,0.0,0.05555555555555555,0.0,0.0,0.05555555555555555,0.015873015873015872,0.0,0.0,0.0,0.05555555555555555,0.0,0.05555555555555555,0.0,0.0,0.031746031746031744,0.05555555555555555,0.031746031746031744,0.0,0.015873015873015872,0.05555555555555555,0.007936507936507936,0.0,0.031746031746031744,0.031746031746031744,0.05555555555555555,0.0,0.0,0.031746031746031744,0.0,0.023809523809523808,0.0,0.05555555555555555,0.031746031746031744,0.023809523809523808,0.031746031746031744,0.031746031746031744,0.0,0.03968253968253968,0.0,0.0
F2,0.0,0.0,0.0,0.0,0.0,0.0,0.0,0.0,0.0,0.0,0.0,0.0,0.0,0.0,0.0,0.0,0.0,0.0,0.0,0.0,0.0,0.0,0.0,0.0,0.0,0.0,0.0,0.0,0.0,0.0,0.0,0.0,0.0,0.0,0.0,0.0,0.0,0.0,0.0,0.0,0.0,0.0,0.0,0.0,0.0,0.0,0.0,0.0,0.0,0.0,0.0,0.0,0.0,0.0,0.0,0.0,0.0,0.0,0.0,0.0,0.0,0.0,0.0,0.0
FCz,0.0,0.06451612903225806,0.06451612903225806,0.0,0.0,0.0,0.0,0.06451612903225806,0.0,0.0,0.0,0.0,0.0,0.06451612903225806,0.0,0.06451612903225806,0.06451612903225806,0.0,0.0,0.0,0.0,0.0,0.06451612903225806,0.0,0.0,0.0,0.0,0.06451612903225806,0.0,0.0,0.0,0.06451612903225806,0.0,0.0,0.06451612903225806,0.0,0.06451612903225806,0.06451612903225806,0.0,0.0,0.0,0.0,0.0,0.0,0.0,0.06451612903225806,0.0,0.0,0.0,0.0,0.0,0.0,0.06451612903225806,0.0,0.06451612903225806,0.0,0.0,0.0,0.0,0.0,0.0,0.0,0.0,0.03225806451612903
